snapshot_date,store_id,product_id,stock_qty,reorder_level
2026-06-01,S001,P001,37,8
2026-06-02,S001,P001,30,8
2026-06-03,S001,P001,29,8
2026-06-04,S001,P001,24,8
2026-06-05,S001,P001,23,8
2026-06-06,S001,P001,19,8
2026-06-07,S001,P001,13,8
2026-06-08,S001,P001,6,8
2026-06-09,S001,P001,21,8
2026-06-10,S001,P001,13,8
2026-06-11,S001,P001,5,8
2026-06-12,S001,P001,63,8
2026-06-13,S001,P001,56,8
2026-06-14,S001,P001,55,8
2026-06-15,S001,P001,55,8
2026-06-16,S001,P001,54,8
2026-06-17,S001,P001,51,8
2026-06-18,S001,P001,44,8
2026-06-19,S001,P001,39,8
2026-06-20,S001,P001,35,8
2026-06-21,S001,P001,30,8
2026-06-22,S001,P001,25,8
2026-06-23,S001,P001,25,8
2026-06-24,S001,P001,25,8
2026-06-25,S001,P001,19,8
2026-06-26,S001,P001,13,8
2026-06-27,S001,P001,9,8
2026-06-28,S001,P001,3,8
2026-06-29,S001,P001,35,8
2026-06-30,S001,P001,30,8
2026-06-01,S001,P002,36,13
2026-06-02,S001,P002,35,13
2026-06-03,S001,P002,32,13
2026-06-04,S001,P002,25,13
2026-06-05,S001,P002,23,13
2026-06-06,S001,P002,17,13
2026-06-07,S001,P002,17,13
2026-06-08,S001,P002,12,13
2026-06-09,S001,P002,34,13
2026-06-10,S001,P002,26,13
2026-06-11,S001,P002,26,13
2026-06-12,S001,P002,18,13
2026-06-13,S001,P002,15,13
2026-06-14,S001,P002,11,13
2026-06-15,S001,P002,34,13
2026-06-16,S001,P002,26,13
2026-06-17,S001,P002,22,13
2026-06-18,S001,P002,19,13
2026-06-19,S001,P002,18,13
2026-06-20,S001,P002,13,13
2026-06-21,S001,P002,59,13
2026-06-22,S001,P002,53,13
2026-06-23,S001,P002,52,13
2026-06-24,S001,P002,50,13
2026-06-25,S001,P002,48,13
2026-06-26,S001,P002,42,13
2026-06-27,S001,P002,36,13
2026-06-28,S001,P002,35,13
2026-06-29,S001,P002,29,13
2026-06-30,S001,P002,22,13
2026-06-01,S001,P003,16,8
2026-06-02,S001,P003,8,8
2026-06-03,S001,P003,28,8
2026-06-04,S001,P003,21,8
2026-06-05,S001,P003,19,8
2026-06-06,S001,P003,17,8
2026-06-07,S001,P003,13,8
2026-06-08,S001,P003,9,8
2026-06-09,S001,P003,6,8
2026-06-10,S001,P003,52,8
2026-06-11,S001,P003,48,8
2026-06-12,S001,P003,43,8
2026-06-13,S001,P003,38,8
2026-06-14,S001,P003,33,8
2026-06-15,S001,P003,26,8
2026-06-16,S001,P003,24,8
2026-06-17,S001,P003,22,8
2026-06-18,S001,P003,16,8
2026-06-19,S001,P003,14,8
2026-06-20,S001,P003,8,8
2026-06-21,S001,P003,49,8
2026-06-22,S001,P003,42,8
2026-06-23,S001,P003,35,8
2026-06-24,S001,P003,29,8
2026-06-25,S001,P003,21,8
2026-06-26,S001,P003,16,8
2026-06-27,S001,P003,15,8
2026-06-28,S001,P003,12,8
2026-06-29,S001,P003,8,8
2026-06-30,S001,P003,33,8
2026-06-01,S001,P004,24,14
2026-06-02,S001,P004,22,14
2026-06-03,S001,P004,15,14
2026-06-04,S001,P004,12,14
2026-06-05,S001,P004,33,14
2026-06-06,S001,P004,27,14
2026-06-07,S001,P004,19,14
2026-06-08,S001,P004,11,14
2026-06-09,S001,P004,42,14
2026-06-10,S001,P004,41,14
2026-06-11,S001,P004,38,14
2026-06-12,S001,P004,32,14
2026-06-13,S001,P004,25,14
2026-06-14,S001,P004,19,14
2026-06-15,S001,P004,15,14
2026-06-16,S001,P004,7,14
2026-06-17,S001,P004,49,14
2026-06-18,S001,P004,44,14
2026-06-19,S001,P004,44,14
2026-06-20,S001,P004,36,14
2026-06-21,S001,P004,36,14
2026-06-22,S001,P004,28,14
2026-06-23,S001,P004,26,14
2026-06-24,S001,P004,25,14
2026-06-25,S001,P004,22,14
2026-06-26,S001,P004,16,14
2026-06-27,S001,P004,12,14
2026-06-28,S001,P004,40,14
2026-06-29,S001,P004,40,14
2026-06-30,S001,P004,35,14
2026-06-01,S001,P005,46,12
2026-06-02,S001,P005,38,12
2026-06-03,S001,P005,38,12
2026-06-04,S001,P005,31,12
2026-06-05,S001,P005,26,12
2026-06-06,S001,P005,23,12
2026-06-07,S001,P005,23,12
2026-06-08,S001,P005,20,12
2026-06-09,S001,P005,16,12
2026-06-10,S001,P005,9,12
2026-06-11,S001,P005,32,12
2026-06-12,S001,P005,25,12
2026-06-13,S001,P005,19,12
2026-06-14,S001,P005,14,12
2026-06-15,S001,P005,13,12
2026-06-16,S001,P005,13,12
2026-06-17,S001,P005,9,12
2026-06-18,S001,P005,59,12
2026-06-19,S001,P005,51,12
2026-06-20,S001,P005,47,12
2026-06-21,S001,P005,46,12
2026-06-22,S001,P005,39,12
2026-06-23,S001,P005,31,12
2026-06-24,S001,P005,25,12
2026-06-25,S001,P005,22,12
2026-06-26,S001,P005,16,12
2026-06-27,S001,P005,9,12
2026-06-28,S001,P005,57,12
2026-06-29,S001,P005,54,12
2026-06-30,S001,P005,49,12
2026-06-01,S001,P006,41,13
2026-06-02,S001,P006,35,13
2026-06-03,S001,P006,34,13
2026-06-04,S001,P006,33,13
2026-06-05,S001,P006,30,13
2026-06-06,S001,P006,30,13
2026-06-07,S001,P006,25,13
2026-06-08,S001,P006,23,13
2026-06-09,S001,P006,17,13
2026-06-10,S001,P006,14,13
2026-06-11,S001,P006,8,13
2026-06-12,S001,P006,47,13
2026-06-13,S001,P006,44,13
2026-06-14,S001,P006,40,13
2026-06-15,S001,P006,35,13
2026-06-16,S001,P006,29,13
2026-06-17,S001,P006,21,13
2026-06-18,S001,P006,21,13
2026-06-19,S001,P006,13,13
2026-06-20,S001,P006,63,13
2026-06-21,S001,P006,57,13
2026-06-22,S001,P006,51,13
2026-06-23,S001,P006,44,13
2026-06-24,S001,P006,42,13
2026-06-25,S001,P006,40,13
2026-06-26,S001,P006,37,13
2026-06-27,S001,P006,30,13
2026-06-28,S001,P006,25,13
2026-06-29,S001,P006,18,13
2026-06-30,S001,P006,10,13
2026-06-01,S001,P007,16,10
2026-06-02,S001,P007,13,10
2026-06-03,S001,P007,7,10
2026-06-04,S001,P007,53,10
2026-06-05,S001,P007,53,10
2026-06-06,S001,P007,45,10
2026-06-07,S001,P007,37,10
2026-06-08,S001,P007,30,10
2026-06-09,S001,P007,28,10
2026-06-10,S001,P007,22,10
2026-06-11,S001,P007,21,10
2026-06-12,S001,P007,13,10
2026-06-13,S001,P007,5,10
2026-06-14,S001,P007,25,10
2026-06-15,S001,P007,21,10
2026-06-16,S001,P007,21,10
2026-06-17,S001,P007,18,10
2026-06-18,S001,P007,13,10
2026-06-19,S001,P007,12,10
2026-06-20,S001,P007,5,10
2026-06-21,S001,P007,48,10
2026-06-22,S001,P007,42,10
2026-06-23,S001,P007,38,10
2026-06-24,S001,P007,30,10
2026-06-25,S001,P007,27,10
2026-06-26,S001,P007,23,10
2026-06-27,S001,P007,23,10
2026-06-28,S001,P007,18,10
2026-06-29,S001,P007,15,10
2026-06-30,S001,P007,11,10
2026-06-01,S001,P008,42,10
2026-06-02,S001,P008,42,10
2026-06-03,S001,P008,36,10
2026-06-04,S001,P008,34,10
2026-06-05,S001,P008,31,10
2026-06-06,S001,P008,24,10
2026-06-07,S001,P008,17,10
2026-06-08,S001,P008,17,10
2026-06-09,S001,P008,11,10
2026-06-10,S001,P008,7,10
2026-06-11,S001,P008,48,10
2026-06-12,S001,P008,48,10
2026-06-13,S001,P008,48,10
2026-06-14,S001,P008,48,10
2026-06-15,S001,P008,42,10
2026-06-16,S001,P008,42,10
2026-06-17,S001,P008,34,10
2026-06-18,S001,P008,32,10
2026-06-19,S001,P008,30,10
2026-06-20,S001,P008,29,10
2026-06-21,S001,P008,23,10
2026-06-22,S001,P008,21,10
2026-06-23,S001,P008,19,10
2026-06-24,S001,P008,15,10
2026-06-25,S001,P008,12,10
2026-06-26,S001,P008,9,10
2026-06-27,S001,P008,58,10
2026-06-28,S001,P008,50,10
2026-06-29,S001,P008,50,10
2026-06-30,S001,P008,50,10
2026-06-01,S001,P009,37,13
2026-06-02,S001,P009,36,13
2026-06-03,S001,P009,34,13
2026-06-04,S001,P009,34,13
2026-06-05,S001,P009,32,13
2026-06-06,S001,P009,31,13
2026-06-07,S001,P009,30,13
2026-06-08,S001,P009,23,13
2026-06-09,S001,P009,22,13
2026-06-10,S001,P009,20,13
2026-06-11,S001,P009,15,13
2026-06-12,S001,P009,13,13
2026-06-13,S001,P009,67,13
2026-06-14,S001,P009,65,13
2026-06-15,S001,P009,65,13
2026-06-16,S001,P009,61,13
2026-06-17,S001,P009,59,13
2026-06-18,S001,P009,52,13
2026-06-19,S001,P009,46,13
2026-06-20,S001,P009,40,13
2026-06-21,S001,P009,36,13
2026-06-22,S001,P009,36,13
2026-06-23,S001,P009,29,13
2026-06-24,S001,P009,27,13
2026-06-25,S001,P009,25,13
2026-06-26,S001,P009,25,13
2026-06-27,S001,P009,19,13
2026-06-28,S001,P009,12,13
2026-06-29,S001,P009,42,13
2026-06-30,S001,P009,34,13
2026-06-01,S001,P010,24,13
2026-06-02,S001,P010,24,13
2026-06-03,S001,P010,23,13
2026-06-04,S001,P010,16,13
2026-06-05,S001,P010,10,13
2026-06-06,S001,P010,40,13
2026-06-07,S001,P010,34,13
2026-06-08,S001,P010,32,13
2026-06-09,S001,P010,27,13
2026-06-10,S001,P010,19,13
2026-06-11,S001,P010,19,13
2026-06-12,S001,P010,11,13
2026-06-13,S001,P010,33,13
2026-06-14,S001,P010,25,13
2026-06-15,S001,P010,19,13
2026-06-16,S001,P010,12,13
2026-06-17,S001,P010,37,13
2026-06-18,S001,P010,35,13
2026-06-19,S001,P010,27,13
2026-06-20,S001,P010,24,13
2026-06-21,S001,P010,22,13
2026-06-22,S001,P010,14,13
2026-06-23,S001,P010,14,13
2026-06-24,S001,P010,13,13
2026-06-25,S001,P010,34,13
2026-06-26,S001,P010,29,13
2026-06-27,S001,P010,25,13
2026-06-28,S001,P010,17,13
2026-06-29,S001,P010,9,13
2026-06-30,S001,P010,46,13
2026-06-01,S001,P011,12,11
2026-06-02,S001,P011,5,11
2026-06-03,S001,P011,43,11
2026-06-04,S001,P011,43,11
2026-06-05,S001,P011,39,11
2026-06-06,S001,P011,36,11
2026-06-07,S001,P011,29,11
2026-06-08,S001,P011,25,11
2026-06-09,S001,P011,22,11
2026-06-10,S001,P011,14,11
2026-06-11,S001,P011,14,11
2026-06-12,S001,P011,13,11
2026-06-13,S001,P011,7,11
2026-06-14,S001,P011,51,11
2026-06-15,S001,P011,45,11
2026-06-16,S001,P011,40,11
2026-06-17,S001,P011,35,11
2026-06-18,S001,P011,30,11
2026-06-19,S001,P011,22,11
2026-06-20,S001,P011,18,11
2026-06-21,S001,P011,14,11
2026-06-22,S001,P011,7,11
2026-06-23,S001,P011,46,11
2026-06-24,S001,P011,39,11
2026-06-25,S001,P011,37,11
2026-06-26,S001,P011,36,11
2026-06-27,S001,P011,29,11
2026-06-28,S001,P011,24,11
2026-06-29,S001,P011,19,11
2026-06-30,S001,P011,11,11
2026-06-01,S001,P012,36,10
2026-06-02,S001,P012,34,10
2026-06-03,S001,P012,32,10
2026-06-04,S001,P012,31,10
2026-06-05,S001,P012,29,10
2026-06-06,S001,P012,27,10
2026-06-07,S001,P012,24,10
2026-06-08,S001,P012,23,10
2026-06-09,S001,P012,20,10
2026-06-10,S001,P012,18,10
2026-06-11,S001,P012,17,10
2026-06-12,S001,P012,14,10
2026-06-13,S001,P012,11,10
2026-06-14,S001,P012,10,10
2026-06-15,S001,P012,30,10
2026-06-16,S001,P012,27,10
2026-06-17,S001,P012,25,10
2026-06-18,S001,P012,22,10
2026-06-19,S001,P012,20,10
2026-06-20,S001,P012,18,10
2026-06-21,S001,P012,16,10
2026-06-22,S001,P012,13,10
2026-06-23,S001,P012,10,10
2026-06-24,S001,P012,29,10
2026-06-25,S001,P012,29,10
2026-06-26,S001,P012,26,10
2026-06-27,S001,P012,25,10
2026-06-28,S001,P012,25,10
2026-06-29,S001,P012,24,10
2026-06-30,S001,P012,21,10
2026-06-01,S001,P013,48,10
2026-06-02,S001,P013,46,10
2026-06-03,S001,P013,43,10
2026-06-04,S001,P013,40,10
2026-06-05,S001,P013,40,10
2026-06-06,S001,P013,39,10
2026-06-07,S001,P013,39,10
2026-06-08,S001,P013,36,10
2026-06-09,S001,P013,33,10
2026-06-10,S001,P013,32,10
2026-06-11,S001,P013,31,10
2026-06-12,S001,P013,29,10
2026-06-13,S001,P013,29,10
2026-06-14,S001,P013,28,10
2026-06-15,S001,P013,27,10
2026-06-16,S001,P013,24,10
2026-06-17,S001,P013,24,10
2026-06-18,S001,P013,22,10
2026-06-19,S001,P013,22,10
2026-06-20,S001,P013,19,10
2026-06-21,S001,P013,19,10
2026-06-22,S001,P013,17,10
2026-06-23,S001,P013,15,10
2026-06-24,S001,P013,13,10
2026-06-25,S001,P013,10,10
2026-06-26,S001,P013,27,10
2026-06-27,S001,P013,24,10
2026-06-28,S001,P013,22,10
2026-06-29,S001,P013,21,10
2026-06-30,S001,P013,19,10
2026-06-01,S001,P014,27,8
2026-06-02,S001,P014,27,8
2026-06-03,S001,P014,26,8
2026-06-04,S001,P014,25,8
2026-06-05,S001,P014,23,8
2026-06-06,S001,P014,22,8
2026-06-07,S001,P014,19,8
2026-06-08,S001,P014,16,8
2026-06-09,S001,P014,14,8
2026-06-10,S001,P014,11,8
2026-06-11,S001,P014,9,8
2026-06-12,S001,P014,6,8
2026-06-13,S001,P014,65,8
2026-06-14,S001,P014,63,8
2026-06-15,S001,P014,60,8
2026-06-16,S001,P014,60,8
2026-06-17,S001,P014,57,8
2026-06-18,S001,P014,57,8
2026-06-19,S001,P014,56,8
2026-06-20,S001,P014,55,8
2026-06-21,S001,P014,55,8
2026-06-22,S001,P014,53,8
2026-06-23,S001,P014,52,8
2026-06-24,S001,P014,49,8
2026-06-25,S001,P014,48,8
2026-06-26,S001,P014,48,8
2026-06-27,S001,P014,48,8
2026-06-28,S001,P014,48,8
2026-06-29,S001,P014,46,8
2026-06-30,S001,P014,43,8
2026-06-01,S001,P015,62,5
2026-06-02,S001,P015,62,5
2026-06-03,S001,P015,62,5
2026-06-04,S001,P015,62,5
2026-06-05,S001,P015,61,5
2026-06-06,S001,P015,61,5
2026-06-07,S001,P015,60,5
2026-06-08,S001,P015,60,5
2026-06-09,S001,P015,60,5
2026-06-10,S001,P015,60,5
2026-06-11,S001,P015,60,5
2026-06-12,S001,P015,60,5
2026-06-13,S001,P015,60,5
2026-06-14,S001,P015,60,5
2026-06-15,S001,P015,60,5
2026-06-16,S001,P015,60,5
2026-06-17,S001,P015,60,5
2026-06-18,S001,P015,60,5
2026-06-19,S001,P015,60,5
2026-06-20,S001,P015,59,5
2026-06-21,S001,P015,59,5
2026-06-22,S001,P015,59,5
2026-06-23,S001,P015,59,5
2026-06-24,S001,P015,59,5
2026-06-25,S001,P015,59,5
2026-06-26,S001,P015,58,5
2026-06-27,S001,P015,57,5
2026-06-28,S001,P015,56,5
2026-06-29,S001,P015,55,5
2026-06-30,S001,P015,54,5
2026-06-01,S001,P016,48,8
2026-06-02,S001,P016,47,8
2026-06-03,S001,P016,46,8
2026-06-04,S001,P016,43,8
2026-06-05,S001,P016,41,8
2026-06-06,S001,P016,41,8
2026-06-07,S001,P016,40,8
2026-06-08,S001,P016,40,8
2026-06-09,S001,P016,40,8
2026-06-10,S001,P016,40,8
2026-06-11,S001,P016,40,8
2026-06-12,S001,P016,39,8
2026-06-13,S001,P016,39,8
2026-06-14,S001,P016,36,8
2026-06-15,S001,P016,36,8
2026-06-16,S001,P016,34,8
2026-06-17,S001,P016,32,8
2026-06-18,S001,P016,29,8
2026-06-19,S001,P016,27,8
2026-06-20,S001,P016,26,8
2026-06-21,S001,P016,25,8
2026-06-22,S001,P016,23,8
2026-06-23,S001,P016,23,8
2026-06-24,S001,P016,21,8
2026-06-25,S001,P016,18,8
2026-06-26,S001,P016,17,8
2026-06-27,S001,P016,17,8
2026-06-28,S001,P016,14,8
2026-06-29,S001,P016,13,8
2026-06-30,S001,P016,11,8
2026-06-01,S001,P017,61,6
2026-06-02,S001,P017,60,6
2026-06-03,S001,P017,59,6
2026-06-04,S001,P017,57,6
2026-06-05,S001,P017,56,6
2026-06-06,S001,P017,56,6
2026-06-07,S001,P017,56,6
2026-06-08,S001,P017,53,6
2026-06-09,S001,P017,53,6
2026-06-10,S001,P017,53,6
2026-06-11,S001,P017,50,6
2026-06-12,S001,P017,50,6
2026-06-13,S001,P017,48,6
2026-06-14,S001,P017,45,6
2026-06-15,S001,P017,44,6
2026-06-16,S001,P017,44,6
2026-06-17,S001,P017,41,6
2026-06-18,S001,P017,41,6
2026-06-19,S001,P017,38,6
2026-06-20,S001,P017,38,6
2026-06-21,S001,P017,37,6
2026-06-22,S001,P017,35,6
2026-06-23,S001,P017,32,6
2026-06-24,S001,P017,32,6
2026-06-25,S001,P017,31,6
2026-06-26,S001,P017,28,6
2026-06-27,S001,P017,25,6
2026-06-28,S001,P017,25,6
2026-06-29,S001,P017,24,6
2026-06-30,S001,P017,22,6
2026-06-01,S001,P018,65,6
2026-06-02,S001,P018,65,6
2026-06-03,S001,P018,63,6
2026-06-04,S001,P018,62,6
2026-06-05,S001,P018,62,6
2026-06-06,S001,P018,61,6
2026-06-07,S001,P018,61,6
2026-06-08,S001,P018,60,6
2026-06-09,S001,P018,59,6
2026-06-10,S001,P018,58,6
2026-06-11,S001,P018,55,6
2026-06-12,S001,P018,52,6
2026-06-13,S001,P018,49,6
2026-06-14,S001,P018,48,6
2026-06-15,S001,P018,46,6
2026-06-16,S001,P018,46,6
2026-06-17,S001,P018,44,6
2026-06-18,S001,P018,41,6
2026-06-19,S001,P018,40,6
2026-06-20,S001,P018,39,6
2026-06-21,S001,P018,38,6
2026-06-22,S001,P018,38,6
2026-06-23,S001,P018,37,6
2026-06-24,S001,P018,36,6
2026-06-25,S001,P018,35,6
2026-06-26,S001,P018,35,6
2026-06-27,S001,P018,34,6
2026-06-28,S001,P018,32,6
2026-06-29,S001,P018,32,6
2026-06-30,S001,P018,31,6
2026-06-01,S001,P019,45,11
2026-06-02,S001,P019,44,11
2026-06-03,S001,P019,44,11
2026-06-04,S001,P019,44,11
2026-06-05,S001,P019,44,11
2026-06-06,S001,P019,44,11
2026-06-07,S001,P019,44,11
2026-06-08,S001,P019,44,11
2026-06-09,S001,P019,44,11
2026-06-10,S001,P019,44,11
2026-06-11,S001,P019,43,11
2026-06-12,S001,P019,42,11
2026-06-13,S001,P019,42,11
2026-06-14,S001,P019,41,11
2026-06-15,S001,P019,41,11
2026-06-16,S001,P019,40,11
2026-06-17,S001,P019,39,11
2026-06-18,S001,P019,38,11
2026-06-19,S001,P019,38,11
2026-06-20,S001,P019,38,11
2026-06-21,S001,P019,38,11
2026-06-22,S001,P019,37,11
2026-06-23,S001,P019,37,11
2026-06-24,S001,P019,37,11
2026-06-25,S001,P019,36,11
2026-06-26,S001,P019,36,11
2026-06-27,S001,P019,35,11
2026-06-28,S001,P019,34,11
2026-06-29,S001,P019,33,11
2026-06-30,S001,P019,32,11
2026-06-01,S001,P020,30,7
2026-06-02,S001,P020,29,7
2026-06-03,S001,P020,29,7
2026-06-04,S001,P020,29,7
2026-06-05,S001,P020,26,7
2026-06-06,S001,P020,24,7
2026-06-07,S001,P020,23,7
2026-06-08,S001,P020,21,7
2026-06-09,S001,P020,19,7
2026-06-10,S001,P020,19,7
2026-06-11,S001,P020,17,7
2026-06-12,S001,P020,17,7
2026-06-13,S001,P020,15,7
2026-06-14,S001,P020,12,7
2026-06-15,S001,P020,9,7
2026-06-16,S001,P020,9,7
2026-06-17,S001,P020,6,7
2026-06-18,S001,P020,45,7
2026-06-19,S001,P020,44,7
2026-06-20,S001,P020,43,7
2026-06-21,S001,P020,41,7
2026-06-22,S001,P020,38,7
2026-06-23,S001,P020,38,7
2026-06-24,S001,P020,36,7
2026-06-25,S001,P020,33,7
2026-06-26,S001,P020,30,7
2026-06-27,S001,P020,29,7
2026-06-28,S001,P020,28,7
2026-06-29,S001,P020,25,7
2026-06-30,S001,P020,22,7
2026-06-01,S002,P001,37,15
2026-06-02,S002,P001,33,15
2026-06-03,S002,P001,31,15
2026-06-04,S002,P001,31,15
2026-06-05,S002,P001,29,15
2026-06-06,S002,P001,23,15
2026-06-07,S002,P001,21,15
2026-06-08,S002,P001,21,15
2026-06-09,S002,P001,17,15
2026-06-10,S002,P001,16,15
2026-06-11,S002,P001,11,15
2026-06-12,S002,P001,28,15
2026-06-13,S002,P001,28,15
2026-06-14,S002,P001,21,15
2026-06-15,S002,P001,15,15
2026-06-16,S002,P001,59,15
2026-06-17,S002,P001,55,15
2026-06-18,S002,P001,49,15
2026-06-19,S002,P001,45,15
2026-06-20,S002,P001,39,15
2026-06-21,S002,P001,37,15
2026-06-22,S002,P001,34,15
2026-06-23,S002,P001,26,15
2026-06-24,S002,P001,19,15
2026-06-25,S002,P001,17,15
2026-06-26,S002,P001,15,15
2026-06-27,S002,P001,48,15
2026-06-28,S002,P001,47,15
2026-06-29,S002,P001,45,15
2026-06-30,S002,P001,39,15
2026-06-01,S002,P002,18,8
2026-06-02,S002,P002,18,8
2026-06-03,S002,P002,13,8
2026-06-04,S002,P002,7,8
2026-06-05,S002,P002,28,8
2026-06-06,S002,P002,28,8
2026-06-07,S002,P002,22,8
2026-06-08,S002,P002,22,8
2026-06-09,S002,P002,22,8
2026-06-10,S002,P002,20,8
2026-06-11,S002,P002,15,8
2026-06-12,S002,P002,15,8
2026-06-13,S002,P002,9,8
2026-06-14,S002,P002,2,8
2026-06-15,S002,P002,43,8
2026-06-16,S002,P002,42,8
2026-06-17,S002,P002,36,8
2026-06-18,S002,P002,31,8
2026-06-19,S002,P002,26,8
2026-06-20,S002,P002,25,8
2026-06-21,S002,P002,18,8
2026-06-22,S002,P002,16,8
2026-06-23,S002,P002,10,8
2026-06-24,S002,P002,7,8
2026-06-25,S002,P002,23,8
2026-06-26,S002,P002,19,8
2026-06-27,S002,P002,17,8
2026-06-28,S002,P002,9,8
2026-06-29,S002,P002,1,8
2026-06-30,S002,P002,35,8
2026-06-01,S002,P003,44,10
2026-06-02,S002,P003,38,10
2026-06-03,S002,P003,31,10
2026-06-04,S002,P003,27,10
2026-06-05,S002,P003,22,10
2026-06-06,S002,P003,18,10
2026-06-07,S002,P003,11,10
2026-06-08,S002,P003,7,10
2026-06-09,S002,P003,26,10
2026-06-10,S002,P003,21,10
2026-06-11,S002,P003,17,10
2026-06-12,S002,P003,11,10
2026-06-13,S002,P003,11,10
2026-06-14,S002,P003,5,10
2026-06-15,S002,P003,54,10
2026-06-16,S002,P003,54,10
2026-06-17,S002,P003,49,10
2026-06-18,S002,P003,41,10
2026-06-19,S002,P003,39,10
2026-06-20,S002,P003,31,10
2026-06-21,S002,P003,25,10
2026-06-22,S002,P003,23,10
2026-06-23,S002,P003,21,10
2026-06-24,S002,P003,14,10
2026-06-25,S002,P003,6,10
2026-06-26,S002,P003,29,10
2026-06-27,S002,P003,28,10
2026-06-28,S002,P003,23,10
2026-06-29,S002,P003,17,10
2026-06-30,S002,P003,17,10
2026-06-01,S002,P004,40,13
2026-06-02,S002,P004,38,13
2026-06-03,S002,P004,35,13
2026-06-04,S002,P004,31,13
2026-06-05,S002,P004,26,13
2026-06-06,S002,P004,21,13
2026-06-07,S002,P004,21,13
2026-06-08,S002,P004,15,13
2026-06-09,S002,P004,9,13
2026-06-10,S002,P004,48,13
2026-06-11,S002,P004,46,13
2026-06-12,S002,P004,40,13
2026-06-13,S002,P004,32,13
2026-06-14,S002,P004,26,13
2026-06-15,S002,P004,21,13
2026-06-16,S002,P004,19,13
2026-06-17,S002,P004,14,13
2026-06-18,S002,P004,12,13
2026-06-19,S002,P004,60,13
2026-06-20,S002,P004,56,13
2026-06-21,S002,P004,49,13
2026-06-22,S002,P004,42,13
2026-06-23,S002,P004,34,13
2026-06-24,S002,P004,27,13
2026-06-25,S002,P004,26,13
2026-06-26,S002,P004,20,13
2026-06-27,S002,P004,18,13
2026-06-28,S002,P004,16,13
2026-06-29,S002,P004,9,13
2026-06-30,S002,P004,34,13
2026-06-01,S002,P005,45,8
2026-06-02,S002,P005,45,8
2026-06-03,S002,P005,44,8
2026-06-04,S002,P005,37,8
2026-06-05,S002,P005,37,8
2026-06-06,S002,P005,29,8
2026-06-07,S002,P005,24,8
2026-06-08,S002,P005,24,8
2026-06-09,S002,P005,23,8
2026-06-10,S002,P005,21,8
2026-06-11,S002,P005,15,8
2026-06-12,S002,P005,9,8
2026-06-13,S002,P005,9,8
2026-06-14,S002,P005,5,8
2026-06-15,S002,P005,48,8
2026-06-16,S002,P005,45,8
2026-06-17,S002,P005,43,8
2026-06-18,S002,P005,36,8
2026-06-19,S002,P005,31,8
2026-06-20,S002,P005,27,8
2026-06-21,S002,P005,19,8
2026-06-22,S002,P005,14,8
2026-06-23,S002,P005,8,8
2026-06-24,S002,P005,26,8
2026-06-25,S002,P005,21,8
2026-06-26,S002,P005,17,8
2026-06-27,S002,P005,13,8
2026-06-28,S002,P005,8,8
2026-06-29,S002,P005,43,8
2026-06-30,S002,P005,37,8
2026-06-01,S002,P006,23,8
2026-06-02,S002,P006,16,8
2026-06-03,S002,P006,12,8
2026-06-04,S002,P006,12,8
2026-06-05,S002,P006,6,8
2026-06-06,S002,P006,43,8
2026-06-07,S002,P006,42,8
2026-06-08,S002,P006,36,8
2026-06-09,S002,P006,36,8
2026-06-10,S002,P006,35,8
2026-06-11,S002,P006,33,8
2026-06-12,S002,P006,33,8
2026-06-13,S002,P006,25,8
2026-06-14,S002,P006,23,8
2026-06-15,S002,P006,22,8
2026-06-16,S002,P006,18,8
2026-06-17,S002,P006,18,8
2026-06-18,S002,P006,14,8
2026-06-19,S002,P006,6,8
2026-06-20,S002,P006,39,8
2026-06-21,S002,P006,32,8
2026-06-22,S002,P006,30,8
2026-06-23,S002,P006,24,8
2026-06-24,S002,P006,24,8
2026-06-25,S002,P006,24,8
2026-06-26,S002,P006,19,8
2026-06-27,S002,P006,11,8
2026-06-28,S002,P006,8,8
2026-06-29,S002,P006,27,8
2026-06-30,S002,P006,24,8
2026-06-01,S002,P007,33,8
2026-06-02,S002,P007,32,8
2026-06-03,S002,P007,25,8
2026-06-04,S002,P007,24,8
2026-06-05,S002,P007,16,8
2026-06-06,S002,P007,12,8
2026-06-07,S002,P007,10,8
2026-06-08,S002,P007,7,8
2026-06-09,S002,P007,48,8
2026-06-10,S002,P007,40,8
2026-06-11,S002,P007,35,8
2026-06-12,S002,P007,30,8
2026-06-13,S002,P007,23,8
2026-06-14,S002,P007,19,8
2026-06-15,S002,P007,12,8
2026-06-16,S002,P007,11,8
2026-06-17,S002,P007,9,8
2026-06-18,S002,P007,7,8
2026-06-19,S002,P007,53,8
2026-06-20,S002,P007,47,8
2026-06-21,S002,P007,41,8
2026-06-22,S002,P007,33,8
2026-06-23,S002,P007,27,8
2026-06-24,S002,P007,21,8
2026-06-25,S002,P007,18,8
2026-06-26,S002,P007,12,8
2026-06-27,S002,P007,8,8
2026-06-28,S002,P007,38,8
2026-06-29,S002,P007,30,8
2026-06-30,S002,P007,26,8
2026-06-01,S002,P008,31,12
2026-06-02,S002,P008,25,12
2026-06-03,S002,P008,20,12
2026-06-04,S002,P008,12,12
2026-06-05,S002,P008,39,12
2026-06-06,S002,P008,32,12
2026-06-07,S002,P008,26,12
2026-06-08,S002,P008,20,12
2026-06-09,S002,P008,18,12
2026-06-10,S002,P008,18,12
2026-06-11,S002,P008,14,12
2026-06-12,S002,P008,14,12
2026-06-13,S002,P008,14,12
2026-06-14,S002,P008,7,12
2026-06-15,S002,P008,48,12
2026-06-16,S002,P008,45,12
2026-06-17,S002,P008,42,12
2026-06-18,S002,P008,39,12
2026-06-19,S002,P008,34,12
2026-06-20,S002,P008,28,12
2026-06-21,S002,P008,25,12
2026-06-22,S002,P008,17,12
2026-06-23,S002,P008,16,12
2026-06-24,S002,P008,10,12
2026-06-25,S002,P008,55,12
2026-06-26,S002,P008,47,12
2026-06-27,S002,P008,47,12
2026-06-28,S002,P008,44,12
2026-06-29,S002,P008,40,12
2026-06-30,S002,P008,36,12
2026-06-01,S002,P009,17,14
2026-06-02,S002,P009,14,14
2026-06-03,S002,P009,68,14
2026-06-04,S002,P009,67,14
2026-06-05,S002,P009,59,14
2026-06-06,S002,P009,59,14
2026-06-07,S002,P009,53,14
2026-06-08,S002,P009,51,14
2026-06-09,S002,P009,45,14
2026-06-10,S002,P009,37,14
2026-06-11,S002,P009,37,14
2026-06-12,S002,P009,36,14
2026-06-13,S002,P009,30,14
2026-06-14,S002,P009,29,14
2026-06-15,S002,P009,24,14
2026-06-16,S002,P009,22,14
2026-06-17,S002,P009,22,14
2026-06-18,S002,P009,15,14
2026-06-19,S002,P009,9,14
2026-06-20,S002,P009,39,14
2026-06-21,S002,P009,32,14
2026-06-22,S002,P009,25,14
2026-06-23,S002,P009,17,14
2026-06-24,S002,P009,12,14
2026-06-25,S002,P009,58,14
2026-06-26,S002,P009,52,14
2026-06-27,S002,P009,50,14
2026-06-28,S002,P009,45,14
2026-06-29,S002,P009,42,14
2026-06-30,S002,P009,35,14
2026-06-01,S002,P010,23,9
2026-06-02,S002,P010,21,9
2026-06-03,S002,P010,21,9
2026-06-04,S002,P010,20,9
2026-06-05,S002,P010,14,9
2026-06-06,S002,P010,6,9
2026-06-07,S002,P010,54,9
2026-06-08,S002,P010,51,9
2026-06-09,S002,P010,51,9
2026-06-10,S002,P010,49,9
2026-06-11,S002,P010,43,9
2026-06-12,S002,P010,42,9
2026-06-13,S002,P010,37,9
2026-06-14,S002,P010,37,9
2026-06-15,S002,P010,35,9
2026-06-16,S002,P010,34,9
2026-06-17,S002,P010,31,9
2026-06-18,S002,P010,27,9
2026-06-19,S002,P010,23,9
2026-06-20,S002,P010,20,9
2026-06-21,S002,P010,19,9
2026-06-22,S002,P010,17,9
2026-06-23,S002,P010,10,9
2026-06-24,S002,P010,7,9
2026-06-25,S002,P010,36,9
2026-06-26,S002,P010,29,9
2026-06-27,S002,P010,28,9
2026-06-28,S002,P010,23,9
2026-06-29,S002,P010,18,9
2026-06-30,S002,P010,16,9
2026-06-01,S002,P011,47,11
2026-06-02,S002,P011,40,11
2026-06-03,S002,P011,33,11
2026-06-04,S002,P011,30,11
2026-06-05,S002,P011,27,11
2026-06-06,S002,P011,19,11
2026-06-07,S002,P011,14,11
2026-06-08,S002,P011,13,11
2026-06-09,S002,P011,10,11
2026-06-10,S002,P011,56,11
2026-06-11,S002,P011,56,11
2026-06-12,S002,P011,48,11
2026-06-13,S002,P011,43,11
2026-06-14,S002,P011,42,11
2026-06-15,S002,P011,34,11
2026-06-16,S002,P011,28,11
2026-06-17,S002,P011,20,11
2026-06-18,S002,P011,17,11
2026-06-19,S002,P011,11,11
2026-06-20,S002,P011,32,11
2026-06-21,S002,P011,25,11
2026-06-22,S002,P011,22,11
2026-06-23,S002,P011,17,11
2026-06-24,S002,P011,16,11
2026-06-25,S002,P011,14,11
2026-06-26,S002,P011,8,11
2026-06-27,S002,P011,42,11
2026-06-28,S002,P011,40,11
2026-06-29,S002,P011,34,11
2026-06-30,S002,P011,28,11
2026-06-01,S002,P012,56,9
2026-06-02,S002,P012,55,9
2026-06-03,S002,P012,54,9
2026-06-04,S002,P012,54,9
2026-06-05,S002,P012,51,9
2026-06-06,S002,P012,51,9
2026-06-07,S002,P012,50,9
2026-06-08,S002,P012,48,9
2026-06-09,S002,P012,48,9
2026-06-10,S002,P012,48,9
2026-06-11,S002,P012,46,9
2026-06-12,S002,P012,46,9
2026-06-13,S002,P012,46,9
2026-06-14,S002,P012,46,9
2026-06-15,S002,P012,45,9
2026-06-16,S002,P012,42,9
2026-06-17,S002,P012,39,9
2026-06-18,S002,P012,36,9
2026-06-19,S002,P012,35,9
2026-06-20,S002,P012,32,9
2026-06-21,S002,P012,30,9
2026-06-22,S002,P012,27,9
2026-06-23,S002,P012,24,9
2026-06-24,S002,P012,23,9
2026-06-25,S002,P012,20,9
2026-06-26,S002,P012,20,9
2026-06-27,S002,P012,18,9
2026-06-28,S002,P012,15,9
2026-06-29,S002,P012,12,9
2026-06-30,S002,P012,11,9
2026-06-01,S002,P013,57,5
2026-06-02,S002,P013,56,5
2026-06-03,S002,P013,53,5
2026-06-04,S002,P013,50,5
2026-06-05,S002,P013,50,5
2026-06-06,S002,P013,48,5
2026-06-07,S002,P013,45,5
2026-06-08,S002,P013,44,5
2026-06-09,S002,P013,43,5
2026-06-10,S002,P013,41,5
2026-06-11,S002,P013,41,5
2026-06-12,S002,P013,39,5
2026-06-13,S002,P013,38,5
2026-06-14,S002,P013,38,5
2026-06-15,S002,P013,36,5
2026-06-16,S002,P013,35,5
2026-06-17,S002,P013,33,5
2026-06-18,S002,P013,32,5
2026-06-19,S002,P013,31,5
2026-06-20,S002,P013,29,5
2026-06-21,S002,P013,29,5
2026-06-22,S002,P013,26,5
2026-06-23,S002,P013,24,5
2026-06-24,S002,P013,23,5
2026-06-25,S002,P013,20,5
2026-06-26,S002,P013,20,5
2026-06-27,S002,P013,19,5
2026-06-28,S002,P013,18,5
2026-06-29,S002,P013,18,5
2026-06-30,S002,P013,15,5
2026-06-01,S002,P014,68,10
2026-06-02,S002,P014,67,10
2026-06-03,S002,P014,65,10
2026-06-04,S002,P014,64,10
2026-06-05,S002,P014,62,10
2026-06-06,S002,P014,59,10
2026-06-07,S002,P014,56,10
2026-06-08,S002,P014,56,10
2026-06-09,S002,P014,56,10
2026-06-10,S002,P014,56,10
2026-06-11,S002,P014,53,10
2026-06-12,S002,P014,52,10
2026-06-13,S002,P014,50,10
2026-06-14,S002,P014,47,10
2026-06-15,S002,P014,47,10
2026-06-16,S002,P014,45,10
2026-06-17,S002,P014,42,10
2026-06-18,S002,P014,40,10
2026-06-19,S002,P014,38,10
2026-06-20,S002,P014,37,10
2026-06-21,S002,P014,36,10
2026-06-22,S002,P014,33,10
2026-06-23,S002,P014,33,10
2026-06-24,S002,P014,32,10
2026-06-25,S002,P014,31,10
2026-06-26,S002,P014,31,10
2026-06-27,S002,P014,30,10
2026-06-28,S002,P014,29,10
2026-06-29,S002,P014,28,10
2026-06-30,S002,P014,25,10
2026-06-01,S002,P015,49,10
2026-06-02,S002,P015,48,10
2026-06-03,S002,P015,48,10
2026-06-04,S002,P015,47,10
2026-06-05,S002,P015,46,10
2026-06-06,S002,P015,45,10
2026-06-07,S002,P015,45,10
2026-06-08,S002,P015,45,10
2026-06-09,S002,P015,45,10
2026-06-10,S002,P015,44,10
2026-06-11,S002,P015,43,10
2026-06-12,S002,P015,43,10
2026-06-13,S002,P015,43,10
2026-06-14,S002,P015,43,10
2026-06-15,S002,P015,43,10
2026-06-16,S002,P015,43,10
2026-06-17,S002,P015,42,10
2026-06-18,S002,P015,42,10
2026-06-19,S002,P015,42,10
2026-06-20,S002,P015,42,10
2026-06-21,S002,P015,42,10
2026-06-22,S002,P015,42,10
2026-06-23,S002,P015,42,10
2026-06-24,S002,P015,41,10
2026-06-25,S002,P015,41,10
2026-06-26,S002,P015,41,10
2026-06-27,S002,P015,40,10
2026-06-28,S002,P015,39,10
2026-06-29,S002,P015,39,10
2026-06-30,S002,P015,38,10
2026-06-01,S002,P016,53,9
2026-06-02,S002,P016,51,9
2026-06-03,S002,P016,49,9
2026-06-04,S002,P016,48,9
2026-06-05,S002,P016,45,9
2026-06-06,S002,P016,43,9
2026-06-07,S002,P016,40,9
2026-06-08,S002,P016,39,9
2026-06-09,S002,P016,37,9
2026-06-10,S002,P016,37,9
2026-06-11,S002,P016,34,9
2026-06-12,S002,P016,31,9
2026-06-13,S002,P016,31,9
2026-06-14,S002,P016,31,9
2026-06-15,S002,P016,29,9
2026-06-16,S002,P016,27,9
2026-06-17,S002,P016,24,9
2026-06-18,S002,P016,22,9
2026-06-19,S002,P016,21,9
2026-06-20,S002,P016,21,9
2026-06-21,S002,P016,20,9
2026-06-22,S002,P016,18,9
2026-06-23,S002,P016,18,9
2026-06-24,S002,P016,17,9
2026-06-25,S002,P016,16,9
2026-06-26,S002,P016,15,9
2026-06-27,S002,P016,14,9
2026-06-28,S002,P016,11,9
2026-06-29,S002,P016,9,9
2026-06-30,S002,P016,67,9
2026-06-01,S002,P017,52,11
2026-06-02,S002,P017,51,11
2026-06-03,S002,P017,50,11
2026-06-04,S002,P017,50,11
2026-06-05,S002,P017,49,11
2026-06-06,S002,P017,48,11
2026-06-07,S002,P017,45,11
2026-06-08,S002,P017,44,11
2026-06-09,S002,P017,42,11
2026-06-10,S002,P017,41,11
2026-06-11,S002,P017,39,11
2026-06-12,S002,P017,39,11
2026-06-13,S002,P017,38,11
2026-06-14,S002,P017,38,11
2026-06-15,S002,P017,38,11
2026-06-16,S002,P017,38,11
2026-06-17,S002,P017,35,11
2026-06-18,S002,P017,35,11
2026-06-19,S002,P017,34,11
2026-06-20,S002,P017,32,11
2026-06-21,S002,P017,32,11
2026-06-22,S002,P017,29,11
2026-06-23,S002,P017,27,11
2026-06-24,S002,P017,25,11
2026-06-25,S002,P017,23,11
2026-06-26,S002,P017,21,11
2026-06-27,S002,P017,20,11
2026-06-28,S002,P017,18,11
2026-06-29,S002,P017,17,11
2026-06-30,S002,P017,15,11
2026-06-01,S002,P018,27,8
2026-06-02,S002,P018,25,8
2026-06-03,S002,P018,22,8
2026-06-04,S002,P018,22,8
2026-06-05,S002,P018,20,8
2026-06-06,S002,P018,18,8
2026-06-07,S002,P018,15,8
2026-06-08,S002,P018,14,8
2026-06-09,S002,P018,14,8
2026-06-10,S002,P018,14,8
2026-06-11,S002,P018,12,8
2026-06-12,S002,P018,12,8
2026-06-13,S002,P018,12,8
2026-06-14,S002,P018,11,8
2026-06-15,S002,P018,8,8
2026-06-16,S002,P018,27,8
2026-06-17,S002,P018,24,8
2026-06-18,S002,P018,22,8
2026-06-19,S002,P018,21,8
2026-06-20,S002,P018,20,8
2026-06-21,S002,P018,20,8
2026-06-22,S002,P018,18,8
2026-06-23,S002,P018,16,8
2026-06-24,S002,P018,16,8
2026-06-25,S002,P018,16,8
2026-06-26,S002,P018,14,8
2026-06-27,S002,P018,11,8
2026-06-28,S002,P018,11,8
2026-06-29,S002,P018,10,8
2026-06-30,S002,P018,8,8
2026-06-01,S002,P019,54,12
2026-06-02,S002,P019,53,12
2026-06-03,S002,P019,53,12
2026-06-04,S002,P019,53,12
2026-06-05,S002,P019,53,12
2026-06-06,S002,P019,53,12
2026-06-07,S002,P019,52,12
2026-06-08,S002,P019,52,12
2026-06-09,S002,P019,52,12
2026-06-10,S002,P019,52,12
2026-06-11,S002,P019,52,12
2026-06-12,S002,P019,51,12
2026-06-13,S002,P019,51,12
2026-06-14,S002,P019,51,12
2026-06-15,S002,P019,51,12
2026-06-16,S002,P019,50,12
2026-06-17,S002,P019,49,12
2026-06-18,S002,P019,49,12
2026-06-19,S002,P019,48,12
2026-06-20,S002,P019,48,12
2026-06-21,S002,P019,48,12
2026-06-22,S002,P019,47,12
2026-06-23,S002,P019,47,12
2026-06-24,S002,P019,47,12
2026-06-25,S002,P019,47,12
2026-06-26,S002,P019,47,12
2026-06-27,S002,P019,47,12
2026-06-28,S002,P019,47,12
2026-06-29,S002,P019,46,12
2026-06-30,S002,P019,45,12
2026-06-01,S002,P020,66,5
2026-06-02,S002,P020,66,5
2026-06-03,S002,P020,63,5
2026-06-04,S002,P020,60,5
2026-06-05,S002,P020,58,5
2026-06-06,S002,P020,56,5
2026-06-07,S002,P020,56,5
2026-06-08,S002,P020,54,5
2026-06-09,S002,P020,52,5
2026-06-10,S002,P020,51,5
2026-06-11,S002,P020,50,5
2026-06-12,S002,P020,47,5
2026-06-13,S002,P020,47,5
2026-06-14,S002,P020,44,5
2026-06-15,S002,P020,44,5
2026-06-16,S002,P020,42,5
2026-06-17,S002,P020,40,5
2026-06-18,S002,P020,39,5
2026-06-19,S002,P020,38,5
2026-06-20,S002,P020,36,5
2026-06-21,S002,P020,33,5
2026-06-22,S002,P020,32,5
2026-06-23,S002,P020,32,5
2026-06-24,S002,P020,29,5
2026-06-25,S002,P020,27,5
2026-06-26,S002,P020,26,5
2026-06-27,S002,P020,25,5
2026-06-28,S002,P020,22,5
2026-06-29,S002,P020,20,5
2026-06-30,S002,P020,17,5
2026-06-01,S003,P001,15,8
2026-06-02,S003,P001,15,8
2026-06-03,S003,P001,11,8
2026-06-04,S003,P001,7,8
2026-06-05,S003,P001,63,8
2026-06-06,S003,P001,59,8
2026-06-07,S003,P001,52,8
2026-06-08,S003,P001,46,8
2026-06-09,S003,P001,45,8
2026-06-10,S003,P001,39,8
2026-06-11,S003,P001,35,8
2026-06-12,S003,P001,27,8
2026-06-13,S003,P001,23,8
2026-06-14,S003,P001,16,8
2026-06-15,S003,P001,14,8
2026-06-16,S003,P001,13,8
2026-06-17,S003,P001,7,8
2026-06-18,S003,P001,54,8
2026-06-19,S003,P001,52,8
2026-06-20,S003,P001,44,8
2026-06-21,S003,P001,38,8
2026-06-22,S003,P001,31,8
2026-06-23,S003,P001,27,8
2026-06-24,S003,P001,19,8
2026-06-25,S003,P001,11,8
2026-06-26,S003,P001,11,8
2026-06-27,S003,P001,7,8
2026-06-28,S003,P001,26,8
2026-06-29,S003,P001,19,8
2026-06-30,S003,P001,18,8
2026-06-01,S003,P002,21,9
2026-06-02,S003,P002,21,9
2026-06-03,S003,P002,17,9
2026-06-04,S003,P002,15,9
2026-06-05,S003,P002,9,9
2026-06-06,S003,P002,56,9
2026-06-07,S003,P002,55,9
2026-06-08,S003,P002,55,9
2026-06-09,S003,P002,55,9
2026-06-10,S003,P002,53,9
2026-06-11,S003,P002,46,9
2026-06-12,S003,P002,42,9
2026-06-13,S003,P002,38,9
2026-06-14,S003,P002,35,9
2026-06-15,S003,P002,29,9
2026-06-16,S003,P002,23,9
2026-06-17,S003,P002,19,9
2026-06-18,S003,P002,13,9
2026-06-19,S003,P002,5,9
2026-06-20,S003,P002,44,9
2026-06-21,S003,P002,40,9
2026-06-22,S003,P002,32,9
2026-06-23,S003,P002,29,9
2026-06-24,S003,P002,26,9
2026-06-25,S003,P002,26,9
2026-06-26,S003,P002,20,9
2026-06-27,S003,P002,13,9
2026-06-28,S003,P002,7,9
2026-06-29,S003,P002,38,9
2026-06-30,S003,P002,37,9
2026-06-01,S003,P003,23,11
2026-06-02,S003,P003,19,11
2026-06-03,S003,P003,14,11
2026-06-04,S003,P003,14,11
2026-06-05,S003,P003,10,11
2026-06-06,S003,P003,40,11
2026-06-07,S003,P003,38,11
2026-06-08,S003,P003,32,11
2026-06-09,S003,P003,30,11
2026-06-10,S003,P003,29,11
2026-06-11,S003,P003,25,11
2026-06-12,S003,P003,23,11
2026-06-13,S003,P003,16,11
2026-06-14,S003,P003,12,11
2026-06-15,S003,P003,9,11
2026-06-16,S003,P003,57,11
2026-06-17,S003,P003,50,11
2026-06-18,S003,P003,49,11
2026-06-19,S003,P003,43,11
2026-06-20,S003,P003,35,11
2026-06-21,S003,P003,35,11
2026-06-22,S003,P003,30,11
2026-06-23,S003,P003,29,11
2026-06-24,S003,P003,27,11
2026-06-25,S003,P003,22,11
2026-06-26,S003,P003,16,11
2026-06-27,S003,P003,10,11
2026-06-28,S003,P003,32,11
2026-06-29,S003,P003,26,11
2026-06-30,S003,P003,21,11
2026-06-01,S003,P004,38,14
2026-06-02,S003,P004,31,14
2026-06-03,S003,P004,26,14
2026-06-04,S003,P004,25,14
2026-06-05,S003,P004,24,14
2026-06-06,S003,P004,17,14
2026-06-07,S003,P004,14,14
2026-06-08,S003,P004,72,14
2026-06-09,S003,P004,68,14
2026-06-10,S003,P004,63,14
2026-06-11,S003,P004,59,14
2026-06-12,S003,P004,54,14
2026-06-13,S003,P004,53,14
2026-06-14,S003,P004,48,14
2026-06-15,S003,P004,43,14
2026-06-16,S003,P004,36,14
2026-06-17,S003,P004,28,14
2026-06-18,S003,P004,28,14
2026-06-19,S003,P004,27,14
2026-06-20,S003,P004,20,14
2026-06-21,S003,P004,15,14
2026-06-22,S003,P004,14,14
2026-06-23,S003,P004,59,14
2026-06-24,S003,P004,51,14
2026-06-25,S003,P004,49,14
2026-06-26,S003,P004,49,14
2026-06-27,S003,P004,45,14
2026-06-28,S003,P004,39,14
2026-06-29,S003,P004,32,14
2026-06-30,S003,P004,29,14
2026-06-01,S003,P005,46,14
2026-06-02,S003,P005,42,14
2026-06-03,S003,P005,39,14
2026-06-04,S003,P005,34,14
2026-06-05,S003,P005,33,14
2026-06-06,S003,P005,28,14
2026-06-07,S003,P005,22,14
2026-06-08,S003,P005,17,14
2026-06-09,S003,P005,10,14
2026-06-10,S003,P005,63,14
2026-06-11,S003,P005,61,14
2026-06-12,S003,P005,53,14
2026-06-13,S003,P005,52,14
2026-06-14,S003,P005,48,14
2026-06-15,S003,P005,46,14
2026-06-16,S003,P005,41,14
2026-06-17,S003,P005,36,14
2026-06-18,S003,P005,30,14
2026-06-19,S003,P005,27,14
2026-06-20,S003,P005,21,14
2026-06-21,S003,P005,19,14
2026-06-22,S003,P005,11,14
2026-06-23,S003,P005,43,14
2026-06-24,S003,P005,39,14
2026-06-25,S003,P005,31,14
2026-06-26,S003,P005,23,14
2026-06-27,S003,P005,17,14
2026-06-28,S003,P005,9,14
2026-06-29,S003,P005,44,14
2026-06-30,S003,P005,40,14
2026-06-01,S003,P006,44,15
2026-06-02,S003,P006,42,15
2026-06-03,S003,P006,40,15
2026-06-04,S003,P006,32,15
2026-06-05,S003,P006,27,15
2026-06-06,S003,P006,25,15
2026-06-07,S003,P006,20,15
2026-06-08,S003,P006,16,15
2026-06-09,S003,P006,10,15
2026-06-10,S003,P006,50,15
2026-06-11,S003,P006,46,15
2026-06-12,S003,P006,45,15
2026-06-13,S003,P006,40,15
2026-06-14,S003,P006,35,15
2026-06-15,S003,P006,29,15
2026-06-16,S003,P006,23,15
2026-06-17,S003,P006,21,15
2026-06-18,S003,P006,20,15
2026-06-19,S003,P006,17,15
2026-06-20,S003,P006,14,15
2026-06-21,S003,P006,56,15
2026-06-22,S003,P006,52,15
2026-06-23,S003,P006,52,15
2026-06-24,S003,P006,51,15
2026-06-25,S003,P006,50,15
2026-06-26,S003,P006,47,15
2026-06-27,S003,P006,39,15
2026-06-28,S003,P006,38,15
2026-06-29,S003,P006,30,15
2026-06-30,S003,P006,28,15
2026-06-01,S003,P007,28,8
2026-06-02,S003,P007,28,8
2026-06-03,S003,P007,26,8
2026-06-04,S003,P007,20,8
2026-06-05,S003,P007,17,8
2026-06-06,S003,P007,12,8
2026-06-07,S003,P007,5,8
2026-06-08,S003,P007,36,8
2026-06-09,S003,P007,33,8
2026-06-10,S003,P007,32,8
2026-06-11,S003,P007,32,8
2026-06-12,S003,P007,27,8
2026-06-13,S003,P007,23,8
2026-06-14,S003,P007,23,8
2026-06-15,S003,P007,20,8
2026-06-16,S003,P007,14,8
2026-06-17,S003,P007,6,8
2026-06-18,S003,P007,56,8
2026-06-19,S003,P007,50,8
2026-06-20,S003,P007,45,8
2026-06-21,S003,P007,38,8
2026-06-22,S003,P007,37,8
2026-06-23,S003,P007,36,8
2026-06-24,S003,P007,34,8
2026-06-25,S003,P007,29,8
2026-06-26,S003,P007,23,8
2026-06-27,S003,P007,19,8
2026-06-28,S003,P007,18,8
2026-06-29,S003,P007,12,8
2026-06-30,S003,P007,11,8
2026-06-01,S003,P008,24,13
2026-06-02,S003,P008,23,13
2026-06-03,S003,P008,19,13
2026-06-04,S003,P008,13,13
2026-06-05,S003,P008,38,13
2026-06-06,S003,P008,34,13
2026-06-07,S003,P008,27,13
2026-06-08,S003,P008,19,13
2026-06-09,S003,P008,14,13
2026-06-10,S003,P008,8,13
2026-06-11,S003,P008,52,13
2026-06-12,S003,P008,50,13
2026-06-13,S003,P008,42,13
2026-06-14,S003,P008,38,13
2026-06-15,S003,P008,35,13
2026-06-16,S003,P008,32,13
2026-06-17,S003,P008,26,13
2026-06-18,S003,P008,26,13
2026-06-19,S003,P008,19,13
2026-06-20,S003,P008,11,13
2026-06-21,S003,P008,70,13
2026-06-22,S003,P008,68,13
2026-06-23,S003,P008,65,13
2026-06-24,S003,P008,57,13
2026-06-25,S003,P008,57,13
2026-06-26,S003,P008,51,13
2026-06-27,S003,P008,46,13
2026-06-28,S003,P008,44,13
2026-06-29,S003,P008,44,13
2026-06-30,S003,P008,44,13
2026-06-01,S003,P009,45,14
2026-06-02,S003,P009,44,14
2026-06-03,S003,P009,38,14
2026-06-04,S003,P009,31,14
2026-06-05,S003,P009,23,14
2026-06-06,S003,P009,16,14
2026-06-07,S003,P009,12,14
2026-06-08,S003,P009,53,14
2026-06-09,S003,P009,49,14
2026-06-10,S003,P009,46,14
2026-06-11,S003,P009,41,14
2026-06-12,S003,P009,40,14
2026-06-13,S003,P009,38,14
2026-06-14,S003,P009,36,14
2026-06-15,S003,P009,29,14
2026-06-16,S003,P009,24,14
2026-06-17,S003,P009,24,14
2026-06-18,S003,P009,21,14
2026-06-19,S003,P009,14,14
2026-06-20,S003,P009,43,14
2026-06-21,S003,P009,37,14
2026-06-22,S003,P009,37,14
2026-06-23,S003,P009,37,14
2026-06-24,S003,P009,36,14
2026-06-25,S003,P009,33,14
2026-06-26,S003,P009,28,14
2026-06-27,S003,P009,28,14
2026-06-28,S003,P009,27,14
2026-06-29,S003,P009,20,14
2026-06-30,S003,P009,17,14
2026-06-01,S003,P010,37,14
2026-06-02,S003,P010,33,14
2026-06-03,S003,P010,32,14
2026-06-04,S003,P010,32,14
2026-06-05,S003,P010,31,14
2026-06-06,S003,P010,30,14
2026-06-07,S003,P010,28,14
2026-06-08,S003,P010,27,14
2026-06-09,S003,P010,19,14
2026-06-10,S003,P010,11,14
2026-06-11,S003,P010,60,14
2026-06-12,S003,P010,58,14
2026-06-13,S003,P010,51,14
2026-06-14,S003,P010,50,14
2026-06-15,S003,P010,43,14
2026-06-16,S003,P010,39,14
2026-06-17,S003,P010,38,14
2026-06-18,S003,P010,30,14
2026-06-19,S003,P010,29,14
2026-06-20,S003,P010,27,14
2026-06-21,S003,P010,24,14
2026-06-22,S003,P010,16,14
2026-06-23,S003,P010,11,14
2026-06-24,S003,P010,42,14
2026-06-25,S003,P010,36,14
2026-06-26,S003,P010,32,14
2026-06-27,S003,P010,25,14
2026-06-28,S003,P010,18,14
2026-06-29,S003,P010,15,14
2026-06-30,S003,P010,14,14
2026-06-01,S003,P011,45,14
2026-06-02,S003,P011,38,14
2026-06-03,S003,P011,38,14
2026-06-04,S003,P011,33,14
2026-06-05,S003,P011,30,14
2026-06-06,S003,P011,23,14
2026-06-07,S003,P011,16,14
2026-06-08,S003,P011,16,14
2026-06-09,S003,P011,10,14
2026-06-10,S003,P011,35,14
2026-06-11,S003,P011,35,14
2026-06-12,S003,P011,31,14
2026-06-13,S003,P011,31,14
2026-06-14,S003,P011,23,14
2026-06-15,S003,P011,16,14
2026-06-16,S003,P011,13,14
2026-06-17,S003,P011,69,14
2026-06-18,S003,P011,67,14
2026-06-19,S003,P011,64,14
2026-06-20,S003,P011,64,14
2026-06-21,S003,P011,58,14
2026-06-22,S003,P011,56,14
2026-06-23,S003,P011,56,14
2026-06-24,S003,P011,53,14
2026-06-25,S003,P011,46,14
2026-06-26,S003,P011,45,14
2026-06-27,S003,P011,38,14
2026-06-28,S003,P011,36,14
2026-06-29,S003,P011,33,14
2026-06-30,S003,P011,26,14
2026-06-01,S003,P012,40,10
2026-06-02,S003,P012,39,10
2026-06-03,S003,P012,38,10
2026-06-04,S003,P012,37,10
2026-06-05,S003,P012,35,10
2026-06-06,S003,P012,33,10
2026-06-07,S003,P012,31,10
2026-06-08,S003,P012,31,10
2026-06-09,S003,P012,29,10
2026-06-10,S003,P012,29,10
2026-06-11,S003,P012,29,10
2026-06-12,S003,P012,27,10
2026-06-13,S003,P012,25,10
2026-06-14,S003,P012,23,10
2026-06-15,S003,P012,21,10
2026-06-16,S003,P012,21,10
2026-06-17,S003,P012,20,10
2026-06-18,S003,P012,18,10
2026-06-19,S003,P012,15,10
2026-06-20,S003,P012,14,10
2026-06-21,S003,P012,12,10
2026-06-22,S003,P012,9,10
2026-06-23,S003,P012,26,10
2026-06-24,S003,P012,23,10
2026-06-25,S003,P012,20,10
2026-06-26,S003,P012,20,10
2026-06-27,S003,P012,19,10
2026-06-28,S003,P012,19,10
2026-06-29,S003,P012,19,10
2026-06-30,S003,P012,16,10
2026-06-01,S003,P013,31,5
2026-06-02,S003,P013,30,5
2026-06-03,S003,P013,27,5
2026-06-04,S003,P013,27,5
2026-06-05,S003,P013,27,5
2026-06-06,S003,P013,27,5
2026-06-07,S003,P013,26,5
2026-06-08,S003,P013,24,5
2026-06-09,S003,P013,24,5
2026-06-10,S003,P013,23,5
2026-06-11,S003,P013,21,5
2026-06-12,S003,P013,21,5
2026-06-13,S003,P013,21,5
2026-06-14,S003,P013,18,5
2026-06-15,S003,P013,16,5
2026-06-16,S003,P013,15,5
2026-06-17,S003,P013,14,5
2026-06-18,S003,P013,14,5
2026-06-19,S003,P013,12,5
2026-06-20,S003,P013,10,5
2026-06-21,S003,P013,7,5
2026-06-22,S003,P013,5,5
2026-06-23,S003,P013,44,5
2026-06-24,S003,P013,41,5
2026-06-25,S003,P013,39,5
2026-06-26,S003,P013,39,5
2026-06-27,S003,P013,39,5
2026-06-28,S003,P013,39,5
2026-06-29,S003,P013,36,5
2026-06-30,S003,P013,35,5
2026-06-01,S003,P014,36,5
2026-06-02,S003,P014,36,5
2026-06-03,S003,P014,36,5
2026-06-04,S003,P014,33,5
2026-06-05,S003,P014,31,5
2026-06-06,S003,P014,31,5
2026-06-07,S003,P014,29,5
2026-06-08,S003,P014,28,5
2026-06-09,S003,P014,28,5
2026-06-10,S003,P014,26,5
2026-06-11,S003,P014,26,5
2026-06-12,S003,P014,24,5
2026-06-13,S003,P014,23,5
2026-06-14,S003,P014,21,5
2026-06-15,S003,P014,19,5
2026-06-16,S003,P014,17,5
2026-06-17,S003,P014,16,5
2026-06-18,S003,P014,15,5
2026-06-19,S003,P014,12,5
2026-06-20,S003,P014,9,5
2026-06-21,S003,P014,6,5
2026-06-22,S003,P014,3,5
2026-06-23,S003,P014,52,5
2026-06-24,S003,P014,52,5
2026-06-25,S003,P014,49,5
2026-06-26,S003,P014,49,5
2026-06-27,S003,P014,47,5
2026-06-28,S003,P014,44,5
2026-06-29,S003,P014,41,5
2026-06-30,S003,P014,38,5
2026-06-01,S003,P015,59,7
2026-06-02,S003,P015,59,7
2026-06-03,S003,P015,59,7
2026-06-04,S003,P015,58,7
2026-06-05,S003,P015,58,7
2026-06-06,S003,P015,58,7
2026-06-07,S003,P015,58,7
2026-06-08,S003,P015,57,7
2026-06-09,S003,P015,57,7
2026-06-10,S003,P015,57,7
2026-06-11,S003,P015,57,7
2026-06-12,S003,P015,57,7
2026-06-13,S003,P015,57,7
2026-06-14,S003,P015,57,7
2026-06-15,S003,P015,57,7
2026-06-16,S003,P015,57,7
2026-06-17,S003,P015,56,7
2026-06-18,S003,P015,55,7
2026-06-19,S003,P015,54,7
2026-06-20,S003,P015,54,7
2026-06-21,S003,P015,54,7
2026-06-22,S003,P015,54,7
2026-06-23,S003,P015,54,7
2026-06-24,S003,P015,54,7
2026-06-25,S003,P015,53,7
2026-06-26,S003,P015,52,7
2026-06-27,S003,P015,52,7
2026-06-28,S003,P015,52,7
2026-06-29,S003,P015,52,7
2026-06-30,S003,P015,52,7
2026-06-01,S003,P016,36,9
2026-06-02,S003,P016,34,9
2026-06-03,S003,P016,34,9
2026-06-04,S003,P016,31,9
2026-06-05,S003,P016,28,9
2026-06-06,S003,P016,26,9
2026-06-07,S003,P016,25,9
2026-06-08,S003,P016,24,9
2026-06-09,S003,P016,24,9
2026-06-10,S003,P016,23,9
2026-06-11,S003,P016,23,9
2026-06-12,S003,P016,22,9
2026-06-13,S003,P016,19,9
2026-06-14,S003,P016,19,9
2026-06-15,S003,P016,17,9
2026-06-16,S003,P016,16,9
2026-06-17,S003,P016,15,9
2026-06-18,S003,P016,14,9
2026-06-19,S003,P016,14,9
2026-06-20,S003,P016,13,9
2026-06-21,S003,P016,13,9
2026-06-22,S003,P016,12,9
2026-06-23,S003,P016,12,9
2026-06-24,S003,P016,12,9
2026-06-25,S003,P016,11,9
2026-06-26,S003,P016,9,9
2026-06-27,S003,P016,53,9
2026-06-28,S003,P016,50,9
2026-06-29,S003,P016,49,9
2026-06-30,S003,P016,46,9
2026-06-01,S003,P017,44,12
2026-06-02,S003,P017,42,12
2026-06-03,S003,P017,42,12
2026-06-04,S003,P017,40,12
2026-06-05,S003,P017,38,12
2026-06-06,S003,P017,38,12
2026-06-07,S003,P017,38,12
2026-06-08,S003,P017,37,12
2026-06-09,S003,P017,36,12
2026-06-10,S003,P017,35,12
2026-06-11,S003,P017,32,12
2026-06-12,S003,P017,29,12
2026-06-13,S003,P017,28,12
2026-06-14,S003,P017,28,12
2026-06-15,S003,P017,26,12
2026-06-16,S003,P017,26,12
2026-06-17,S003,P017,23,12
2026-06-18,S003,P017,21,12
2026-06-19,S003,P017,18,12
2026-06-20,S003,P017,15,12
2026-06-21,S003,P017,14,12
2026-06-22,S003,P017,11,12
2026-06-23,S003,P017,60,12
2026-06-24,S003,P017,58,12
2026-06-25,S003,P017,57,12
2026-06-26,S003,P017,55,12
2026-06-27,S003,P017,53,12
2026-06-28,S003,P017,53,12
2026-06-29,S003,P017,51,12
2026-06-30,S003,P017,49,12
2026-06-01,S003,P018,58,10
2026-06-02,S003,P018,58,10
2026-06-03,S003,P018,58,10
2026-06-04,S003,P018,58,10
2026-06-05,S003,P018,57,10
2026-06-06,S003,P018,57,10
2026-06-07,S003,P018,54,10
2026-06-08,S003,P018,51,10
2026-06-09,S003,P018,50,10
2026-06-10,S003,P018,50,10
2026-06-11,S003,P018,48,10
2026-06-12,S003,P018,46,10
2026-06-13,S003,P018,43,10
2026-06-14,S003,P018,41,10
2026-06-15,S003,P018,38,10
2026-06-16,S003,P018,37,10
2026-06-17,S003,P018,36,10
2026-06-18,S003,P018,33,10
2026-06-19,S003,P018,31,10
2026-06-20,S003,P018,31,10
2026-06-21,S003,P018,28,10
2026-06-22,S003,P018,25,10
2026-06-23,S003,P018,22,10
2026-06-24,S003,P018,22,10
2026-06-25,S003,P018,20,10
2026-06-26,S003,P018,17,10
2026-06-27,S003,P018,15,10
2026-06-28,S003,P018,12,10
2026-06-29,S003,P018,10,10
2026-06-30,S003,P018,48,10
2026-06-01,S003,P019,62,6
2026-06-02,S003,P019,61,6
2026-06-03,S003,P019,61,6
2026-06-04,S003,P019,61,6
2026-06-05,S003,P019,60,6
2026-06-06,S003,P019,60,6
2026-06-07,S003,P019,59,6
2026-06-08,S003,P019,59,6
2026-06-09,S003,P019,59,6
2026-06-10,S003,P019,59,6
2026-06-11,S003,P019,59,6
2026-06-12,S003,P019,58,6
2026-06-13,S003,P019,58,6
2026-06-14,S003,P019,58,6
2026-06-15,S003,P019,58,6
2026-06-16,S003,P019,58,6
2026-06-17,S003,P019,58,6
2026-06-18,S003,P019,58,6
2026-06-19,S003,P019,58,6
2026-06-20,S003,P019,58,6
2026-06-21,S003,P019,58,6
2026-06-22,S003,P019,58,6
2026-06-23,S003,P019,57,6
2026-06-24,S003,P019,57,6
2026-06-25,S003,P019,57,6
2026-06-26,S003,P019,56,6
2026-06-27,S003,P019,56,6
2026-06-28,S003,P019,56,6
2026-06-29,S003,P019,56,6
2026-06-30,S003,P019,56,6
2026-06-01,S003,P020,52,6
2026-06-02,S003,P020,49,6
2026-06-03,S003,P020,46,6
2026-06-04,S003,P020,43,6
2026-06-05,S003,P020,42,6
2026-06-06,S003,P020,40,6
2026-06-07,S003,P020,37,6
2026-06-08,S003,P020,34,6
2026-06-09,S003,P020,34,6
2026-06-10,S003,P020,34,6
2026-06-11,S003,P020,33,6
2026-06-12,S003,P020,33,6
2026-06-13,S003,P020,32,6
2026-06-14,S003,P020,30,6
2026-06-15,S003,P020,27,6
2026-06-16,S003,P020,24,6
2026-06-17,S003,P020,23,6
2026-06-18,S003,P020,22,6
2026-06-19,S003,P020,19,6
2026-06-20,S003,P020,19,6
2026-06-21,S003,P020,18,6
2026-06-22,S003,P020,17,6
2026-06-23,S003,P020,16,6
2026-06-24,S003,P020,16,6
2026-06-25,S003,P020,15,6
2026-06-26,S003,P020,14,6
2026-06-27,S003,P020,14,6
2026-06-28,S003,P020,12,6
2026-06-29,S003,P020,9,6
2026-06-30,S003,P020,9,6
2026-06-01,S004,P001,14,10
2026-06-02,S004,P001,6,10
2026-06-03,S004,P001,31,10
2026-06-04,S004,P001,26,10
2026-06-05,S004,P001,25,10
2026-06-06,S004,P001,17,10
2026-06-07,S004,P001,17,10
2026-06-08,S004,P001,16,10
2026-06-09,S004,P001,8,10
2026-06-10,S004,P001,59,10
2026-06-11,S004,P001,57,10
2026-06-12,S004,P001,55,10
2026-06-13,S004,P001,47,10
2026-06-14,S004,P001,39,10
2026-06-15,S004,P001,32,10
2026-06-16,S004,P001,30,10
2026-06-17,S004,P001,24,10
2026-06-18,S004,P001,24,10
2026-06-19,S004,P001,19,10
2026-06-20,S004,P001,13,10
2026-06-21,S004,P001,7,10
2026-06-22,S004,P001,41,10
2026-06-23,S004,P001,33,10
2026-06-24,S004,P001,32,10
2026-06-25,S004,P001,30,10
2026-06-26,S004,P001,28,10
2026-06-27,S004,P001,21,10
2026-06-28,S004,P001,15,10
2026-06-29,S004,P001,14,10
2026-06-30,S004,P001,10,10
2026-06-01,S004,P002,23,13
2026-06-02,S004,P002,15,13
2026-06-03,S004,P002,15,13
2026-06-04,S004,P002,9,13
2026-06-05,S004,P002,51,13
2026-06-06,S004,P002,48,13
2026-06-07,S004,P002,43,13
2026-06-08,S004,P002,39,13
2026-06-09,S004,P002,35,13
2026-06-10,S004,P002,33,13
2026-06-11,S004,P002,32,13
2026-06-12,S004,P002,27,13
2026-06-13,S004,P002,21,13
2026-06-14,S004,P002,21,13
2026-06-15,S004,P002,21,13
2026-06-16,S004,P002,18,13
2026-06-17,S004,P002,10,13
2026-06-18,S004,P002,34,13
2026-06-19,S004,P002,28,13
2026-06-20,S004,P002,27,13
2026-06-21,S004,P002,26,13
2026-06-22,S004,P002,23,13
2026-06-23,S004,P002,18,13
2026-06-24,S004,P002,17,13
2026-06-25,S004,P002,10,13
2026-06-26,S004,P002,38,13
2026-06-27,S004,P002,32,13
2026-06-28,S004,P002,32,13
2026-06-29,S004,P002,28,13
2026-06-30,S004,P002,22,13
2026-06-01,S004,P003,27,12
2026-06-02,S004,P003,24,12
2026-06-03,S004,P003,23,12
2026-06-04,S004,P003,16,12
2026-06-05,S004,P003,16,12
2026-06-06,S004,P003,10,12
2026-06-07,S004,P003,48,12
2026-06-08,S004,P003,46,12
2026-06-09,S004,P003,40,12
2026-06-10,S004,P003,34,12
2026-06-11,S004,P003,29,12
2026-06-12,S004,P003,23,12
2026-06-13,S004,P003,23,12
2026-06-14,S004,P003,23,12
2026-06-15,S004,P003,22,12
2026-06-16,S004,P003,22,12
2026-06-17,S004,P003,16,12
2026-06-18,S004,P003,16,12
2026-06-19,S004,P003,13,12
2026-06-20,S004,P003,6,12
2026-06-21,S004,P003,42,12
2026-06-22,S004,P003,37,12
2026-06-23,S004,P003,30,12
2026-06-24,S004,P003,23,12
2026-06-25,S004,P003,15,12
2026-06-26,S004,P003,11,12
2026-06-27,S004,P003,27,12
2026-06-28,S004,P003,22,12
2026-06-29,S004,P003,22,12
2026-06-30,S004,P003,15,12
2026-06-01,S004,P004,33,10
2026-06-02,S004,P004,28,10
2026-06-03,S004,P004,25,10
2026-06-04,S004,P004,21,10
2026-06-05,S004,P004,14,10
2026-06-06,S004,P004,14,10
2026-06-07,S004,P004,11,10
2026-06-08,S004,P004,5,10
2026-06-09,S004,P004,43,10
2026-06-10,S004,P004,42,10
2026-06-11,S004,P004,42,10
2026-06-12,S004,P004,42,10
2026-06-13,S004,P004,37,10
2026-06-14,S004,P004,31,10
2026-06-15,S004,P004,24,10
2026-06-16,S004,P004,22,10
2026-06-17,S004,P004,16,10
2026-06-18,S004,P004,14,10
2026-06-19,S004,P004,10,10
2026-06-20,S004,P004,33,10
2026-06-21,S004,P004,28,10
2026-06-22,S004,P004,28,10
2026-06-23,S004,P004,26,10
2026-06-24,S004,P004,25,10
2026-06-25,S004,P004,24,10
2026-06-26,S004,P004,17,10
2026-06-27,S004,P004,16,10
2026-06-28,S004,P004,9,10
2026-06-29,S004,P004,55,10
2026-06-30,S004,P004,49,10
2026-06-01,S004,P005,21,11
2026-06-02,S004,P005,19,11
2026-06-03,S004,P005,18,11
2026-06-04,S004,P005,13,11
2026-06-05,S004,P005,12,11
2026-06-06,S004,P005,7,11
2026-06-07,S004,P005,59,11
2026-06-08,S004,P005,53,11
2026-06-09,S004,P005,46,11
2026-06-10,S004,P005,38,11
2026-06-11,S004,P005,31,11
2026-06-12,S004,P005,31,11
2026-06-13,S004,P005,28,11
2026-06-14,S004,P005,27,11
2026-06-15,S004,P005,19,11
2026-06-16,S004,P005,14,11
2026-06-17,S004,P005,8,11
2026-06-18,S004,P005,35,11
2026-06-19,S004,P005,34,11
2026-06-20,S004,P005,33,11
2026-06-21,S004,P005,25,11
2026-06-22,S004,P005,23,11
2026-06-23,S004,P005,20,11
2026-06-24,S004,P005,18,11
2026-06-25,S004,P005,16,11
2026-06-26,S004,P005,12,11
2026-06-27,S004,P005,9,11
2026-06-28,S004,P005,63,11
2026-06-29,S004,P005,59,11
2026-06-30,S004,P005,54,11
2026-06-01,S004,P006,28,8
2026-06-02,S004,P006,27,8
2026-06-03,S004,P006,22,8
2026-06-04,S004,P006,18,8
2026-06-05,S004,P006,15,8
2026-06-06,S004,P006,12,8
2026-06-07,S004,P006,10,8
2026-06-08,S004,P006,5,8
2026-06-09,S004,P006,48,8
2026-06-10,S004,P006,43,8
2026-06-11,S004,P006,43,8
2026-06-12,S004,P006,43,8
2026-06-13,S004,P006,41,8
2026-06-14,S004,P006,34,8
2026-06-15,S004,P006,30,8
2026-06-16,S004,P006,23,8
2026-06-17,S004,P006,16,8
2026-06-18,S004,P006,11,8
2026-06-19,S004,P006,5,8
2026-06-20,S004,P006,35,8
2026-06-21,S004,P006,29,8
2026-06-22,S004,P006,24,8
2026-06-23,S004,P006,21,8
2026-06-24,S004,P006,15,8
2026-06-25,S004,P006,12,8
2026-06-26,S004,P006,7,8
2026-06-27,S004,P006,47,8
2026-06-28,S004,P006,44,8
2026-06-29,S004,P006,41,8
2026-06-30,S004,P006,35,8
2026-06-01,S004,P007,42,11
2026-06-02,S004,P007,40,11
2026-06-03,S004,P007,37,11
2026-06-04,S004,P007,35,11
2026-06-05,S004,P007,35,11
2026-06-06,S004,P007,32,11
2026-06-07,S004,P007,30,11
2026-06-08,S004,P007,28,11
2026-06-09,S004,P007,21,11
2026-06-10,S004,P007,17,11
2026-06-11,S004,P007,9,11
2026-06-12,S004,P007,33,11
2026-06-13,S004,P007,26,11
2026-06-14,S004,P007,26,11
2026-06-15,S004,P007,20,11
2026-06-16,S004,P007,14,11
2026-06-17,S004,P007,7,11
2026-06-18,S004,P007,46,11
2026-06-19,S004,P007,45,11
2026-06-20,S004,P007,39,11
2026-06-21,S004,P007,36,11
2026-06-22,S004,P007,31,11
2026-06-23,S004,P007,23,11
2026-06-24,S004,P007,18,11
2026-06-25,S004,P007,15,11
2026-06-26,S004,P007,8,11
2026-06-27,S004,P007,66,11
2026-06-28,S004,P007,58,11
2026-06-29,S004,P007,52,11
2026-06-30,S004,P007,46,11
2026-06-01,S004,P008,26,11
2026-06-02,S004,P008,24,11
2026-06-03,S004,P008,17,11
2026-06-04,S004,P008,14,11
2026-06-05,S004,P008,8,11
2026-06-06,S004,P008,54,11
2026-06-07,S004,P008,47,11
2026-06-08,S004,P008,39,11
2026-06-09,S004,P008,39,11
2026-06-10,S004,P008,35,11
2026-06-11,S004,P008,33,11
2026-06-12,S004,P008,25,11
2026-06-13,S004,P008,18,11
2026-06-14,S004,P008,17,11
2026-06-15,S004,P008,12,11
2026-06-16,S004,P008,11,11
2026-06-17,S004,P008,66,11
2026-06-18,S004,P008,59,11
2026-06-19,S004,P008,56,11
2026-06-20,S004,P008,56,11
2026-06-21,S004,P008,49,11
2026-06-22,S004,P008,42,11
2026-06-23,S004,P008,34,11
2026-06-24,S004,P008,33,11
2026-06-25,S004,P008,30,11
2026-06-26,S004,P008,22,11
2026-06-27,S004,P008,14,11
2026-06-28,S004,P008,10,11
2026-06-29,S004,P008,44,11
2026-06-30,S004,P008,37,11
2026-06-01,S004,P009,19,13
2026-06-02,S004,P009,17,13
2026-06-03,S004,P009,10,13
2026-06-04,S004,P009,62,13
2026-06-05,S004,P009,60,13
2026-06-06,S004,P009,58,13
2026-06-07,S004,P009,55,13
2026-06-08,S004,P009,48,13
2026-06-09,S004,P009,47,13
2026-06-10,S004,P009,42,13
2026-06-11,S004,P009,39,13
2026-06-12,S004,P009,33,13
2026-06-13,S004,P009,28,13
2026-06-14,S004,P009,24,13
2026-06-15,S004,P009,19,13
2026-06-16,S004,P009,12,13
2026-06-17,S004,P009,57,13
2026-06-18,S004,P009,56,13
2026-06-19,S004,P009,55,13
2026-06-20,S004,P009,52,13
2026-06-21,S004,P009,51,13
2026-06-22,S004,P009,48,13
2026-06-23,S004,P009,48,13
2026-06-24,S004,P009,47,13
2026-06-25,S004,P009,45,13
2026-06-26,S004,P009,40,13
2026-06-27,S004,P009,36,13
2026-06-28,S004,P009,30,13
2026-06-29,S004,P009,24,13
2026-06-30,S004,P009,17,13
2026-06-01,S004,P010,22,15
2026-06-02,S004,P010,17,15
2026-06-03,S004,P010,10,15
2026-06-04,S004,P010,34,15
2026-06-05,S004,P010,32,15
2026-06-06,S004,P010,26,15
2026-06-07,S004,P010,21,15
2026-06-08,S004,P010,16,15
2026-06-09,S004,P010,13,15
2026-06-10,S004,P010,58,15
2026-06-11,S004,P010,58,15
2026-06-12,S004,P010,57,15
2026-06-13,S004,P010,53,15
2026-06-14,S004,P010,50,15
2026-06-15,S004,P010,43,15
2026-06-16,S004,P010,40,15
2026-06-17,S004,P010,36,15
2026-06-18,S004,P010,31,15
2026-06-19,S004,P010,31,15
2026-06-20,S004,P010,27,15
2026-06-21,S004,P010,19,15
2026-06-22,S004,P010,11,15
2026-06-23,S004,P010,47,15
2026-06-24,S004,P010,41,15
2026-06-25,S004,P010,36,15
2026-06-26,S004,P010,34,15
2026-06-27,S004,P010,27,15
2026-06-28,S004,P010,20,15
2026-06-29,S004,P010,14,15
2026-06-30,S004,P010,66,15
2026-06-01,S004,P011,42,11
2026-06-02,S004,P011,42,11
2026-06-03,S004,P011,40,11
2026-06-04,S004,P011,37,11
2026-06-05,S004,P011,34,11
2026-06-06,S004,P011,26,11
2026-06-07,S004,P011,25,11
2026-06-08,S004,P011,24,11
2026-06-09,S004,P011,23,11
2026-06-10,S004,P011,21,11
2026-06-11,S004,P011,13,11
2026-06-12,S004,P011,8,11
2026-06-13,S004,P011,40,11
2026-06-14,S004,P011,34,11
2026-06-15,S004,P011,27,11
2026-06-16,S004,P011,25,11
2026-06-17,S004,P011,19,11
2026-06-18,S004,P011,13,11
2026-06-19,S004,P011,5,11
2026-06-20,S004,P011,27,11
2026-06-21,S004,P011,25,11
2026-06-22,S004,P011,23,11
2026-06-23,S004,P011,16,11
2026-06-24,S004,P011,15,11
2026-06-25,S004,P011,10,11
2026-06-26,S004,P011,53,11
2026-06-27,S004,P011,49,11
2026-06-28,S004,P011,45,11
2026-06-29,S004,P011,42,11
2026-06-30,S004,P011,39,11
2026-06-01,S004,P012,69,6
2026-06-02,S004,P012,66,6
2026-06-03,S004,P012,63,6
2026-06-04,S004,P012,60,6
2026-06-05,S004,P012,60,6
2026-06-06,S004,P012,60,6
2026-06-07,S004,P012,60,6
2026-06-08,S004,P012,57,6
2026-06-09,S004,P012,57,6
2026-06-10,S004,P012,57,6
2026-06-11,S004,P012,55,6
2026-06-12,S004,P012,55,6
2026-06-13,S004,P012,54,6
2026-06-14,S004,P012,53,6
2026-06-15,S004,P012,52,6
2026-06-16,S004,P012,52,6
2026-06-17,S004,P012,52,6
2026-06-18,S004,P012,49,6
2026-06-19,S004,P012,48,6
2026-06-20,S004,P012,46,6
2026-06-21,S004,P012,44,6
2026-06-22,S004,P012,42,6
2026-06-23,S004,P012,39,6
2026-06-24,S004,P012,38,6
2026-06-25,S004,P012,36,6
2026-06-26,S004,P012,35,6
2026-06-27,S004,P012,35,6
2026-06-28,S004,P012,34,6
2026-06-29,S004,P012,33,6
2026-06-30,S004,P012,33,6
2026-06-01,S004,P013,43,5
2026-06-02,S004,P013,43,5
2026-06-03,S004,P013,43,5
2026-06-04,S004,P013,40,5
2026-06-05,S004,P013,40,5
2026-06-06,S004,P013,39,5
2026-06-07,S004,P013,36,5
2026-06-08,S004,P013,33,5
2026-06-09,S004,P013,33,5
2026-06-10,S004,P013,33,5
2026-06-11,S004,P013,32,5
2026-06-12,S004,P013,30,5
2026-06-13,S004,P013,28,5
2026-06-14,S004,P013,27,5
2026-06-15,S004,P013,24,5
2026-06-16,S004,P013,23,5
2026-06-17,S004,P013,23,5
2026-06-18,S004,P013,20,5
2026-06-19,S004,P013,20,5
2026-06-20,S004,P013,18,5
2026-06-21,S004,P013,17,5
2026-06-22,S004,P013,14,5
2026-06-23,S004,P013,11,5
2026-06-24,S004,P013,8,5
2026-06-25,S004,P013,7,5
2026-06-26,S004,P013,6,5
2026-06-27,S004,P013,6,5
2026-06-28,S004,P013,4,5
2026-06-29,S004,P013,39,5
2026-06-30,S004,P013,36,5
2026-06-01,S004,P014,36,7
2026-06-02,S004,P014,34,7
2026-06-03,S004,P014,32,7
2026-06-04,S004,P014,30,7
2026-06-05,S004,P014,28,7
2026-06-06,S004,P014,27,7
2026-06-07,S004,P014,25,7
2026-06-08,S004,P014,23,7
2026-06-09,S004,P014,22,7
2026-06-10,S004,P014,21,7
2026-06-11,S004,P014,20,7
2026-06-12,S004,P014,17,7
2026-06-13,S004,P014,15,7
2026-06-14,S004,P014,12,7
2026-06-15,S004,P014,12,7
2026-06-16,S004,P014,10,7
2026-06-17,S004,P014,9,7
2026-06-18,S004,P014,7,7
2026-06-19,S004,P014,41,7
2026-06-20,S004,P014,39,7
2026-06-21,S004,P014,36,7
2026-06-22,S004,P014,33,7
2026-06-23,S004,P014,31,7
2026-06-24,S004,P014,28,7
2026-06-25,S004,P014,27,7
2026-06-26,S004,P014,25,7
2026-06-27,S004,P014,24,7
2026-06-28,S004,P014,22,7
2026-06-29,S004,P014,21,7
2026-06-30,S004,P014,19,7
2026-06-01,S004,P015,64,6
2026-06-02,S004,P015,64,6
2026-06-03,S004,P015,64,6
2026-06-04,S004,P015,63,6
2026-06-05,S004,P015,62,6
2026-06-06,S004,P015,62,6
2026-06-07,S004,P015,62,6
2026-06-08,S004,P015,62,6
2026-06-09,S004,P015,62,6
2026-06-10,S004,P015,61,6
2026-06-11,S004,P015,61,6
2026-06-12,S004,P015,60,6
2026-06-13,S004,P015,60,6
2026-06-14,S004,P015,60,6
2026-06-15,S004,P015,60,6
2026-06-16,S004,P015,60,6
2026-06-17,S004,P015,60,6
2026-06-18,S004,P015,60,6
2026-06-19,S004,P015,60,6
2026-06-20,S004,P015,60,6
2026-06-21,S004,P015,60,6
2026-06-22,S004,P015,59,6
2026-06-23,S004,P015,59,6
2026-06-24,S004,P015,58,6
2026-06-25,S004,P015,57,6
2026-06-26,S004,P015,57,6
2026-06-27,S004,P015,57,6
2026-06-28,S004,P015,57,6
2026-06-29,S004,P015,56,6
2026-06-30,S004,P015,56,6
2026-06-01,S004,P016,39,10
2026-06-02,S004,P016,39,10
2026-06-03,S004,P016,36,10
2026-06-04,S004,P016,35,10
2026-06-05,S004,P016,33,10
2026-06-06,S004,P016,30,10
2026-06-07,S004,P016,29,10
2026-06-08,S004,P016,27,10
2026-06-09,S004,P016,24,10
2026-06-10,S004,P016,24,10
2026-06-11,S004,P016,24,10
2026-06-12,S004,P016,23,10
2026-06-13,S004,P016,22,10
2026-06-14,S004,P016,22,10
2026-06-15,S004,P016,19,10
2026-06-16,S004,P016,19,10
2026-06-17,S004,P016,17,10
2026-06-18,S004,P016,16,10
2026-06-19,S004,P016,13,10
2026-06-20,S004,P016,12,10
2026-06-21,S004,P016,9,10
2026-06-22,S004,P016,61,10
2026-06-23,S004,P016,60,10
2026-06-24,S004,P016,58,10
2026-06-25,S004,P016,58,10
2026-06-26,S004,P016,55,10
2026-06-27,S004,P016,53,10
2026-06-28,S004,P016,52,10
2026-06-29,S004,P016,50,10
2026-06-30,S004,P016,49,10
2026-06-01,S004,P017,40,6
2026-06-02,S004,P017,40,6
2026-06-03,S004,P017,37,6
2026-06-04,S004,P017,34,6
2026-06-05,S004,P017,32,6
2026-06-06,S004,P017,29,6
2026-06-07,S004,P017,29,6
2026-06-08,S004,P017,28,6
2026-06-09,S004,P017,28,6
2026-06-10,S004,P017,27,6
2026-06-11,S004,P017,27,6
2026-06-12,S004,P017,27,6
2026-06-13,S004,P017,24,6
2026-06-14,S004,P017,21,6
2026-06-15,S004,P017,20,6
2026-06-16,S004,P017,19,6
2026-06-17,S004,P017,19,6
2026-06-18,S004,P017,18,6
2026-06-19,S004,P017,17,6
2026-06-20,S004,P017,16,6
2026-06-21,S004,P017,14,6
2026-06-22,S004,P017,12,6
2026-06-23,S004,P017,9,6
2026-06-24,S004,P017,7,6
2026-06-25,S004,P017,4,6
2026-06-26,S004,P017,29,6
2026-06-27,S004,P017,26,6
2026-06-28,S004,P017,23,6
2026-06-29,S004,P017,21,6
2026-06-30,S004,P017,20,6
2026-06-01,S004,P018,37,12
2026-06-02,S004,P018,37,12
2026-06-03,S004,P018,36,12
2026-06-04,S004,P018,35,12
2026-06-05,S004,P018,33,12
2026-06-06,S004,P018,30,12
2026-06-07,S004,P018,27,12
2026-06-08,S004,P018,26,12
2026-06-09,S004,P018,26,12
2026-06-10,S004,P018,23,12
2026-06-11,S004,P018,23,12
2026-06-12,S004,P018,21,12
2026-06-13,S004,P018,18,12
2026-06-14,S004,P018,17,12
2026-06-15,S004,P018,15,12
2026-06-16,S004,P018,15,12
2026-06-17,S004,P018,13,12
2026-06-18,S004,P018,13,12
2026-06-19,S004,P018,11,12
2026-06-20,S004,P018,66,12
2026-06-21,S004,P018,65,12
2026-06-22,S004,P018,64,12
2026-06-23,S004,P018,63,12
2026-06-24,S004,P018,60,12
2026-06-25,S004,P018,58,12
2026-06-26,S004,P018,56,12
2026-06-27,S004,P018,54,12
2026-06-28,S004,P018,53,12
2026-06-29,S004,P018,53,12
2026-06-30,S004,P018,51,12
2026-06-01,S004,P019,39,8
2026-06-02,S004,P019,39,8
2026-06-03,S004,P019,39,8
2026-06-04,S004,P019,39,8
2026-06-05,S004,P019,39,8
2026-06-06,S004,P019,38,8
2026-06-07,S004,P019,38,8
2026-06-08,S004,P019,38,8
2026-06-09,S004,P019,37,8
2026-06-10,S004,P019,37,8
2026-06-11,S004,P019,37,8
2026-06-12,S004,P019,37,8
2026-06-13,S004,P019,37,8
2026-06-14,S004,P019,36,8
2026-06-15,S004,P019,36,8
2026-06-16,S004,P019,36,8
2026-06-17,S004,P019,36,8
2026-06-18,S004,P019,35,8
2026-06-19,S004,P019,35,8
2026-06-20,S004,P019,34,8
2026-06-21,S004,P019,34,8
2026-06-22,S004,P019,34,8
2026-06-23,S004,P019,34,8
2026-06-24,S004,P019,34,8
2026-06-25,S004,P019,34,8
2026-06-26,S004,P019,34,8
2026-06-27,S004,P019,33,8
2026-06-28,S004,P019,33,8
2026-06-29,S004,P019,32,8
2026-06-30,S004,P019,31,8
2026-06-01,S004,P020,50,12
2026-06-02,S004,P020,49,12
2026-06-03,S004,P020,48,12
2026-06-04,S004,P020,48,12
2026-06-05,S004,P020,47,12
2026-06-06,S004,P020,44,12
2026-06-07,S004,P020,42,12
2026-06-08,S004,P020,40,12
2026-06-09,S004,P020,39,12
2026-06-10,S004,P020,38,12
2026-06-11,S004,P020,35,12
2026-06-12,S004,P020,32,12
2026-06-13,S004,P020,32,12
2026-06-14,S004,P020,32,12
2026-06-15,S004,P020,30,12
2026-06-16,S004,P020,28,12
2026-06-17,S004,P020,28,12
2026-06-18,S004,P020,26,12
2026-06-19,S004,P020,24,12
2026-06-20,S004,P020,22,12
2026-06-21,S004,P020,22,12
2026-06-22,S004,P020,22,12
2026-06-23,S004,P020,19,12
2026-06-24,S004,P020,18,12
2026-06-25,S004,P020,18,12
2026-06-26,S004,P020,17,12
2026-06-27,S004,P020,15,12
2026-06-28,S004,P020,15,12
2026-06-29,S004,P020,12,12
2026-06-30,S004,P020,64,12
2026-06-01,S005,P001,31,12
2026-06-02,S005,P001,25,12
2026-06-03,S005,P001,19,12
2026-06-04,S005,P001,13,12
2026-06-05,S005,P001,12,12
2026-06-06,S005,P001,38,12
2026-06-07,S005,P001,33,12
2026-06-08,S005,P001,25,12
2026-06-09,S005,P001,20,12
2026-06-10,S005,P001,19,12
2026-06-11,S005,P001,14,12
2026-06-12,S005,P001,10,12
2026-06-13,S005,P001,61,12
2026-06-14,S005,P001,58,12
2026-06-15,S005,P001,53,12
2026-06-16,S005,P001,45,12
2026-06-17,S005,P001,40,12
2026-06-18,S005,P001,38,12
2026-06-19,S005,P001,30,12
2026-06-20,S005,P001,30,12
2026-06-21,S005,P001,23,12
2026-06-22,S005,P001,15,12
2026-06-23,S005,P001,15,12
2026-06-24,S005,P001,11,12
2026-06-25,S005,P001,34,12
2026-06-26,S005,P001,34,12
2026-06-27,S005,P001,34,12
2026-06-28,S005,P001,33,12
2026-06-29,S005,P001,25,12
2026-06-30,S005,P001,23,12
2026-06-01,S005,P002,36,8
2026-06-02,S005,P002,34,8
2026-06-03,S005,P002,29,8
2026-06-04,S005,P002,21,8
2026-06-05,S005,P002,19,8
2026-06-06,S005,P002,15,8
2026-06-07,S005,P002,14,8
2026-06-08,S005,P002,10,8
2026-06-09,S005,P002,3,8
2026-06-10,S005,P002,34,8
2026-06-11,S005,P002,31,8
2026-06-12,S005,P002,29,8
2026-06-13,S005,P002,22,8
2026-06-14,S005,P002,20,8
2026-06-15,S005,P002,19,8
2026-06-16,S005,P002,18,8
2026-06-17,S005,P002,14,8
2026-06-18,S005,P002,7,8
2026-06-19,S005,P002,54,8
2026-06-20,S005,P002,50,8
2026-06-21,S005,P002,48,8
2026-06-22,S005,P002,44,8
2026-06-23,S005,P002,40,8
2026-06-24,S005,P002,32,8
2026-06-25,S005,P002,29,8
2026-06-26,S005,P002,28,8
2026-06-27,S005,P002,22,8
2026-06-28,S005,P002,22,8
2026-06-29,S005,P002,19,8
2026-06-30,S005,P002,16,8
2026-06-01,S005,P003,16,8
2026-06-02,S005,P003,13,8
2026-06-03,S005,P003,5,8
2026-06-04,S005,P003,40,8
2026-06-05,S005,P003,34,8
2026-06-06,S005,P003,30,8
2026-06-07,S005,P003,25,8
2026-06-08,S005,P003,22,8
2026-06-09,S005,P003,18,8
2026-06-10,S005,P003,16,8
2026-06-11,S005,P003,10,8
2026-06-12,S005,P003,10,8
2026-06-13,S005,P003,4,8
2026-06-14,S005,P003,31,8
2026-06-15,S005,P003,30,8
2026-06-16,S005,P003,28,8
2026-06-17,S005,P003,26,8
2026-06-18,S005,P003,22,8
2026-06-19,S005,P003,21,8
2026-06-20,S005,P003,16,8
2026-06-21,S005,P003,14,8
2026-06-22,S005,P003,8,8
2026-06-23,S005,P003,46,8
2026-06-24,S005,P003,42,8
2026-06-25,S005,P003,40,8
2026-06-26,S005,P003,35,8
2026-06-27,S005,P003,27,8
2026-06-28,S005,P003,21,8
2026-06-29,S005,P003,20,8
2026-06-30,S005,P003,20,8
2026-06-01,S005,P004,44,11
2026-06-02,S005,P004,42,11
2026-06-03,S005,P004,36,11
2026-06-04,S005,P004,32,11
2026-06-05,S005,P004,31,11
2026-06-06,S005,P004,24,11
2026-06-07,S005,P004,20,11
2026-06-08,S005,P004,13,11
2026-06-09,S005,P004,5,11
2026-06-10,S005,P004,48,11
2026-06-11,S005,P004,47,11
2026-06-12,S005,P004,45,11
2026-06-13,S005,P004,40,11
2026-06-14,S005,P004,39,11
2026-06-15,S005,P004,38,11
2026-06-16,S005,P004,30,11
2026-06-17,S005,P004,29,11
2026-06-18,S005,P004,23,11
2026-06-19,S005,P004,16,11
2026-06-20,S005,P004,8,11
2026-06-21,S005,P004,34,11
2026-06-22,S005,P004,31,11
2026-06-23,S005,P004,31,11
2026-06-24,S005,P004,29,11
2026-06-25,S005,P004,21,11
2026-06-26,S005,P004,13,11
2026-06-27,S005,P004,7,11
2026-06-28,S005,P004,27,11
2026-06-29,S005,P004,26,11
2026-06-30,S005,P004,21,11
2026-06-01,S005,P005,23,8
2026-06-02,S005,P005,22,8
2026-06-03,S005,P005,19,8
2026-06-04,S005,P005,14,8
2026-06-05,S005,P005,13,8
2026-06-06,S005,P005,5,8
2026-06-07,S005,P005,27,8
2026-06-08,S005,P005,19,8
2026-06-09,S005,P005,19,8
2026-06-10,S005,P005,15,8
2026-06-11,S005,P005,10,8
2026-06-12,S005,P005,8,8
2026-06-13,S005,P005,43,8
2026-06-14,S005,P005,38,8
2026-06-15,S005,P005,30,8
2026-06-16,S005,P005,22,8
2026-06-17,S005,P005,17,8
2026-06-18,S005,P005,9,8
2026-06-19,S005,P005,5,8
2026-06-20,S005,P005,39,8
2026-06-21,S005,P005,36,8
2026-06-22,S005,P005,32,8
2026-06-23,S005,P005,31,8
2026-06-24,S005,P005,29,8
2026-06-25,S005,P005,28,8
2026-06-26,S005,P005,26,8
2026-06-27,S005,P005,20,8
2026-06-28,S005,P005,15,8
2026-06-29,S005,P005,8,8
2026-06-30,S005,P005,41,8
2026-06-01,S005,P006,43,12
2026-06-02,S005,P006,41,12
2026-06-03,S005,P006,39,12
2026-06-04,S005,P006,33,12
2026-06-05,S005,P006,30,12
2026-06-06,S005,P006,22,12
2026-06-07,S005,P006,22,12
2026-06-08,S005,P006,14,12
2026-06-09,S005,P006,6,12
2026-06-10,S005,P006,52,12
2026-06-11,S005,P006,46,12
2026-06-12,S005,P006,42,12
2026-06-13,S005,P006,36,12
2026-06-14,S005,P006,29,12
2026-06-15,S005,P006,25,12
2026-06-16,S005,P006,20,12
2026-06-17,S005,P006,15,12
2026-06-18,S005,P006,14,12
2026-06-19,S005,P006,13,12
2026-06-20,S005,P006,7,12
2026-06-21,S005,P006,31,12
2026-06-22,S005,P006,24,12
2026-06-23,S005,P006,22,12
2026-06-24,S005,P006,22,12
2026-06-25,S005,P006,20,12
2026-06-26,S005,P006,12,12
2026-06-27,S005,P006,49,12
2026-06-28,S005,P006,48,12
2026-06-29,S005,P006,47,12
2026-06-30,S005,P006,45,12
2026-06-01,S005,P007,31,11
2026-06-02,S005,P007,26,11
2026-06-03,S005,P007,25,11
2026-06-04,S005,P007,20,11
2026-06-05,S005,P007,14,11
2026-06-06,S005,P007,14,11
2026-06-07,S005,P007,13,11
2026-06-08,S005,P007,6,11
2026-06-09,S005,P007,51,11
2026-06-10,S005,P007,50,11
2026-06-11,S005,P007,45,11
2026-06-12,S005,P007,38,11
2026-06-13,S005,P007,33,11
2026-06-14,S005,P007,26,11
2026-06-15,S005,P007,26,11
2026-06-16,S005,P007,19,11
2026-06-17,S005,P007,13,11
2026-06-18,S005,P007,8,11
2026-06-19,S005,P007,49,11
2026-06-20,S005,P007,44,11
2026-06-21,S005,P007,37,11
2026-06-22,S005,P007,29,11
2026-06-23,S005,P007,24,11
2026-06-24,S005,P007,24,11
2026-06-25,S005,P007,21,11
2026-06-26,S005,P007,17,11
2026-06-27,S005,P007,12,11
2026-06-28,S005,P007,10,11
2026-06-29,S005,P007,61,11
2026-06-30,S005,P007,61,11
2026-06-01,S005,P008,14,14
2026-06-02,S005,P008,47,14
2026-06-03,S005,P008,42,14
2026-06-04,S005,P008,36,14
2026-06-05,S005,P008,30,14
2026-06-06,S005,P008,22,14
2026-06-07,S005,P008,20,14
2026-06-08,S005,P008,19,14
2026-06-09,S005,P008,14,14
2026-06-10,S005,P008,54,14
2026-06-11,S005,P008,46,14
2026-06-12,S005,P008,43,14
2026-06-13,S005,P008,43,14
2026-06-14,S005,P008,42,14
2026-06-15,S005,P008,34,14
2026-06-16,S005,P008,29,14
2026-06-17,S005,P008,26,14
2026-06-18,S005,P008,25,14
2026-06-19,S005,P008,18,14
2026-06-20,S005,P008,16,14
2026-06-21,S005,P008,12,14
2026-06-22,S005,P008,56,14
2026-06-23,S005,P008,53,14
2026-06-24,S005,P008,46,14
2026-06-25,S005,P008,43,14
2026-06-26,S005,P008,41,14
2026-06-27,S005,P008,34,14
2026-06-28,S005,P008,27,14
2026-06-29,S005,P008,27,14
2026-06-30,S005,P008,26,14
2026-06-01,S005,P009,33,10
2026-06-02,S005,P009,32,10
2026-06-03,S005,P009,30,10
2026-06-04,S005,P009,26,10
2026-06-05,S005,P009,24,10
2026-06-06,S005,P009,17,10
2026-06-07,S005,P009,9,10
2026-06-08,S005,P009,31,10
2026-06-09,S005,P009,31,10
2026-06-10,S005,P009,31,10
2026-06-11,S005,P009,30,10
2026-06-12,S005,P009,28,10
2026-06-13,S005,P009,22,10
2026-06-14,S005,P009,18,10
2026-06-15,S005,P009,10,10
2026-06-16,S005,P009,36,10
2026-06-17,S005,P009,29,10
2026-06-18,S005,P009,22,10
2026-06-19,S005,P009,20,10
2026-06-20,S005,P009,17,10
2026-06-21,S005,P009,11,10
2026-06-22,S005,P009,10,10
2026-06-23,S005,P009,35,10
2026-06-24,S005,P009,29,10
2026-06-25,S005,P009,27,10
2026-06-26,S005,P009,20,10
2026-06-27,S005,P009,19,10
2026-06-28,S005,P009,12,10
2026-06-29,S005,P009,7,10
2026-06-30,S005,P009,35,10
2026-06-01,S005,P010,26,8
2026-06-02,S005,P010,20,8
2026-06-03,S005,P010,13,8
2026-06-04,S005,P010,8,8
2026-06-05,S005,P010,36,8
2026-06-06,S005,P010,32,8
2026-06-07,S005,P010,24,8
2026-06-08,S005,P010,24,8
2026-06-09,S005,P010,20,8
2026-06-10,S005,P010,19,8
2026-06-11,S005,P010,12,8
2026-06-12,S005,P010,11,8
2026-06-13,S005,P010,8,8
2026-06-14,S005,P010,38,8
2026-06-15,S005,P010,31,8
2026-06-16,S005,P010,30,8
2026-06-17,S005,P010,30,8
2026-06-18,S005,P010,25,8
2026-06-19,S005,P010,21,8
2026-06-20,S005,P010,18,8
2026-06-21,S005,P010,10,8
2026-06-22,S005,P010,8,8
2026-06-23,S005,P010,59,8
2026-06-24,S005,P010,58,8
2026-06-25,S005,P010,53,8
2026-06-26,S005,P010,50,8
2026-06-27,S005,P010,42,8
2026-06-28,S005,P010,35,8
2026-06-29,S005,P010,30,8
2026-06-30,S005,P010,30,8
2026-06-01,S005,P011,19,11
2026-06-02,S005,P011,13,11
2026-06-03,S005,P011,11,11
2026-06-04,S005,P011,35,11
2026-06-05,S005,P011,34,11
2026-06-06,S005,P011,30,11
2026-06-07,S005,P011,30,11
2026-06-08,S005,P011,27,11
2026-06-09,S005,P011,26,11
2026-06-10,S005,P011,26,11
2026-06-11,S005,P011,23,11
2026-06-12,S005,P011,15,11
2026-06-13,S005,P011,12,11
2026-06-14,S005,P011,9,11
2026-06-15,S005,P011,39,11
2026-06-16,S005,P011,33,11
2026-06-17,S005,P011,29,11
2026-06-18,S005,P011,25,11
2026-06-19,S005,P011,24,11
2026-06-20,S005,P011,20,11
2026-06-21,S005,P011,14,11
2026-06-22,S005,P011,12,11
2026-06-23,S005,P011,4,11
2026-06-24,S005,P011,52,11
2026-06-25,S005,P011,52,11
2026-06-26,S005,P011,51,11
2026-06-27,S005,P011,46,11
2026-06-28,S005,P011,42,11
2026-06-29,S005,P011,37,11
2026-06-30,S005,P011,32,11
2026-06-01,S005,P012,43,8
2026-06-02,S005,P012,42,8
2026-06-03,S005,P012,39,8
2026-06-04,S005,P012,39,8
2026-06-05,S005,P012,36,8
2026-06-06,S005,P012,34,8
2026-06-07,S005,P012,31,8
2026-06-08,S005,P012,28,8
2026-06-09,S005,P012,25,8
2026-06-10,S005,P012,22,8
2026-06-11,S005,P012,19,8
2026-06-12,S005,P012,18,8
2026-06-13,S005,P012,17,8
2026-06-14,S005,P012,15,8
2026-06-15,S005,P012,12,8
2026-06-16,S005,P012,11,8
2026-06-17,S005,P012,10,8
2026-06-18,S005,P012,9,8
2026-06-19,S005,P012,6,8
2026-06-20,S005,P012,40,8
2026-06-21,S005,P012,39,8
2026-06-22,S005,P012,37,8
2026-06-23,S005,P012,34,8
2026-06-24,S005,P012,31,8
2026-06-25,S005,P012,28,8
2026-06-26,S005,P012,27,8
2026-06-27,S005,P012,27,8
2026-06-28,S005,P012,26,8
2026-06-29,S005,P012,23,8
2026-06-30,S005,P012,23,8
2026-06-01,S005,P013,64,6
2026-06-02,S005,P013,63,6
2026-06-03,S005,P013,63,6
2026-06-04,S005,P013,61,6
2026-06-05,S005,P013,58,6
2026-06-06,S005,P013,57,6
2026-06-07,S005,P013,57,6
2026-06-08,S005,P013,57,6
2026-06-09,S005,P013,56,6
2026-06-10,S005,P013,54,6
2026-06-11,S005,P013,54,6
2026-06-12,S005,P013,51,6
2026-06-13,S005,P013,48,6
2026-06-14,S005,P013,46,6
2026-06-15,S005,P013,44,6
2026-06-16,S005,P013,43,6
2026-06-17,S005,P013,40,6
2026-06-18,S005,P013,37,6
2026-06-19,S005,P013,34,6
2026-06-20,S005,P013,34,6
2026-06-21,S005,P013,33,6
2026-06-22,S005,P013,31,6
2026-06-23,S005,P013,28,6
2026-06-24,S005,P013,28,6
2026-06-25,S005,P013,28,6
2026-06-26,S005,P013,28,6
2026-06-27,S005,P013,25,6
2026-06-28,S005,P013,23,6
2026-06-29,S005,P013,22,6
2026-06-30,S005,P013,20,6
2026-06-01,S005,P014,66,6
2026-06-02,S005,P014,63,6
2026-06-03,S005,P014,61,6
2026-06-04,S005,P014,58,6
2026-06-05,S005,P014,57,6
2026-06-06,S005,P014,57,6
2026-06-07,S005,P014,55,6
2026-06-08,S005,P014,54,6
2026-06-09,S005,P014,51,6
2026-06-10,S005,P014,51,6
2026-06-11,S005,P014,50,6
2026-06-12,S005,P014,47,6
2026-06-13,S005,P014,44,6
2026-06-14,S005,P014,42,6
2026-06-15,S005,P014,39,6
2026-06-16,S005,P014,38,6
2026-06-17,S005,P014,35,6
2026-06-18,S005,P014,34,6
2026-06-19,S005,P014,31,6
2026-06-20,S005,P014,29,6
2026-06-21,S005,P014,29,6
2026-06-22,S005,P014,27,6
2026-06-23,S005,P014,24,6
2026-06-24,S005,P014,22,6
2026-06-25,S005,P014,19,6
2026-06-26,S005,P014,17,6
2026-06-27,S005,P014,17,6
2026-06-28,S005,P014,17,6
2026-06-29,S005,P014,14,6
2026-06-30,S005,P014,11,6
2026-06-01,S005,P015,40,11
2026-06-02,S005,P015,39,11
2026-06-03,S005,P015,39,11
2026-06-04,S005,P015,39,11
2026-06-05,S005,P015,39,11
2026-06-06,S005,P015,39,11
2026-06-07,S005,P015,39,11
2026-06-08,S005,P015,39,11
2026-06-09,S005,P015,38,11
2026-06-10,S005,P015,38,11
2026-06-11,S005,P015,38,11
2026-06-12,S005,P015,37,11
2026-06-13,S005,P015,37,11
2026-06-14,S005,P015,37,11
2026-06-15,S005,P015,36,11
2026-06-16,S005,P015,36,11
2026-06-17,S005,P015,36,11
2026-06-18,S005,P015,36,11
2026-06-19,S005,P015,35,11
2026-06-20,S005,P015,34,11
2026-06-21,S005,P015,34,11
2026-06-22,S005,P015,34,11
2026-06-23,S005,P015,34,11
2026-06-24,S005,P015,33,11
2026-06-25,S005,P015,33,11
2026-06-26,S005,P015,33,11
2026-06-27,S005,P015,33,11
2026-06-28,S005,P015,33,11
2026-06-29,S005,P015,33,11
2026-06-30,S005,P015,32,11
2026-06-01,S005,P016,30,12
2026-06-02,S005,P016,28,12
2026-06-03,S005,P016,27,12
2026-06-04,S005,P016,24,12
2026-06-05,S005,P016,24,12
2026-06-06,S005,P016,23,12
2026-06-07,S005,P016,20,12
2026-06-08,S005,P016,18,12
2026-06-09,S005,P016,15,12
2026-06-10,S005,P016,13,12
2026-06-11,S005,P016,13,12
2026-06-12,S005,P016,10,12
2026-06-13,S005,P016,34,12
2026-06-14,S005,P016,34,12
2026-06-15,S005,P016,33,12
2026-06-16,S005,P016,30,12
2026-06-17,S005,P016,27,12
2026-06-18,S005,P016,27,12
2026-06-19,S005,P016,27,12
2026-06-20,S005,P016,26,12
2026-06-21,S005,P016,24,12
2026-06-22,S005,P016,21,12
2026-06-23,S005,P016,20,12
2026-06-24,S005,P016,19,12
2026-06-25,S005,P016,17,12
2026-06-26,S005,P016,16,12
2026-06-27,S005,P016,13,12
2026-06-28,S005,P016,11,12
2026-06-29,S005,P016,61,12
2026-06-30,S005,P016,60,12
2026-06-01,S005,P017,31,12
2026-06-02,S005,P017,28,12
2026-06-03,S005,P017,26,12
2026-06-04,S005,P017,24,12
2026-06-05,S005,P017,24,12
2026-06-06,S005,P017,23,12
2026-06-07,S005,P017,21,12
2026-06-08,S005,P017,21,12
2026-06-09,S005,P017,18,12
2026-06-10,S005,P017,15,12
2026-06-11,S005,P017,12,12
2026-06-12,S005,P017,38,12
2026-06-13,S005,P017,35,12
2026-06-14,S005,P017,32,12
2026-06-15,S005,P017,30,12
2026-06-16,S005,P017,30,12
2026-06-17,S005,P017,27,12
2026-06-18,S005,P017,25,12
2026-06-19,S005,P017,23,12
2026-06-20,S005,P017,21,12
2026-06-21,S005,P017,21,12
2026-06-22,S005,P017,21,12
2026-06-23,S005,P017,20,12
2026-06-24,S005,P017,19,12
2026-06-25,S005,P017,17,12
2026-06-26,S005,P017,16,12
2026-06-27,S005,P017,13,12
2026-06-28,S005,P017,10,12
2026-06-29,S005,P017,46,12
2026-06-30,S005,P017,44,12
2026-06-01,S005,P018,31,9
2026-06-02,S005,P018,30,9
2026-06-03,S005,P018,29,9
2026-06-04,S005,P018,27,9
2026-06-05,S005,P018,26,9
2026-06-06,S005,P018,25,9
2026-06-07,S005,P018,22,9
2026-06-08,S005,P018,19,9
2026-06-09,S005,P018,18,9
2026-06-10,S005,P018,18,9
2026-06-11,S005,P018,15,9
2026-06-12,S005,P018,15,9
2026-06-13,S005,P018,13,9
2026-06-14,S005,P018,13,9
2026-06-15,S005,P018,13,9
2026-06-16,S005,P018,13,9
2026-06-17,S005,P018,13,9
2026-06-18,S005,P018,13,9
2026-06-19,S005,P018,13,9
2026-06-20,S005,P018,12,9
2026-06-21,S005,P018,9,9
2026-06-22,S005,P018,34,9
2026-06-23,S005,P018,34,9
2026-06-24,S005,P018,33,9
2026-06-25,S005,P018,33,9
2026-06-26,S005,P018,30,9
2026-06-27,S005,P018,27,9
2026-06-28,S005,P018,24,9
2026-06-29,S005,P018,24,9
2026-06-30,S005,P018,24,9
2026-06-01,S005,P019,59,12
2026-06-02,S005,P019,59,12
2026-06-03,S005,P019,59,12
2026-06-04,S005,P019,58,12
2026-06-05,S005,P019,58,12
2026-06-06,S005,P019,58,12
2026-06-07,S005,P019,58,12
2026-06-08,S005,P019,58,12
2026-06-09,S005,P019,58,12
2026-06-10,S005,P019,58,12
2026-06-11,S005,P019,58,12
2026-06-12,S005,P019,58,12
2026-06-13,S005,P019,58,12
2026-06-14,S005,P019,58,12
2026-06-15,S005,P019,57,12
2026-06-16,S005,P019,57,12
2026-06-17,S005,P019,57,12
2026-06-18,S005,P019,57,12
2026-06-19,S005,P019,57,12
2026-06-20,S005,P019,56,12
2026-06-21,S005,P019,55,12
2026-06-22,S005,P019,54,12
2026-06-23,S005,P019,54,12
2026-06-24,S005,P019,54,12
2026-06-25,S005,P019,54,12
2026-06-26,S005,P019,54,12
2026-06-27,S005,P019,54,12
2026-06-28,S005,P019,54,12
2026-06-29,S005,P019,54,12
2026-06-30,S005,P019,54,12
2026-06-01,S005,P020,53,9
2026-06-02,S005,P020,53,9
2026-06-03,S005,P020,51,9
2026-06-04,S005,P020,51,9
2026-06-05,S005,P020,49,9
2026-06-06,S005,P020,46,9
2026-06-07,S005,P020,45,9
2026-06-08,S005,P020,43,9
2026-06-09,S005,P020,41,9
2026-06-10,S005,P020,38,9
2026-06-11,S005,P020,36,9
2026-06-12,S005,P020,36,9
2026-06-13,S005,P020,36,9
2026-06-14,S005,P020,36,9
2026-06-15,S005,P020,35,9
2026-06-16,S005,P020,34,9
2026-06-17,S005,P020,34,9
2026-06-18,S005,P020,31,9
2026-06-19,S005,P020,30,9
2026-06-20,S005,P020,28,9
2026-06-21,S005,P020,27,9
2026-06-22,S005,P020,26,9
2026-06-23,S005,P020,23,9
2026-06-24,S005,P020,22,9
2026-06-25,S005,P020,19,9
2026-06-26,S005,P020,16,9
2026-06-27,S005,P020,15,9
2026-06-28,S005,P020,12,9
2026-06-29,S005,P020,10,9
2026-06-30,S005,P020,8,9
