order_id,order_date,store_id,product_id,quantity_sold,selling_price
O00001,2026-06-01,S001,P001,6,68
O00002,2026-06-02,S001,P001,7,68
O00003,2026-06-03,S001,P001,1,68
O00004,2026-06-04,S001,P001,5,68
O00005,2026-06-05,S001,P001,1,68
O00006,2026-06-06,S001,P001,4,68
O00007,2026-06-07,S001,P001,6,68
O00008,2026-06-08,S001,P001,7,68
O00009,2026-06-09,S001,P001,6,68
O00010,2026-06-10,S001,P001,8,68
O00011,2026-06-11,S001,P001,8,68
O00012,2026-06-13,S001,P001,7,68
O00013,2026-06-14,S001,P001,1,68
O00014,2026-06-16,S001,P001,1,68
O00015,2026-06-17,S001,P001,3,68
O00016,2026-06-18,S001,P001,7,68
O00017,2026-06-19,S001,P001,5,68
O00018,2026-06-20,S001,P001,4,68
O00019,2026-06-21,S001,P001,5,68
O00020,2026-06-22,S001,P001,5,68
O00021,2026-06-25,S001,P001,6,68
O00022,2026-06-26,S001,P001,6,68
O00023,2026-06-27,S001,P001,4,68
O00024,2026-06-28,S001,P001,6,68
O00025,2026-06-29,S001,P001,7,68
O00026,2026-06-30,S001,P001,5,68
O00027,2026-06-01,S001,P002,5,45
O00028,2026-06-02,S001,P002,1,45
O00029,2026-06-03,S001,P002,3,45
O00030,2026-06-04,S001,P002,7,45
O00031,2026-06-05,S001,P002,2,45
O00032,2026-06-06,S001,P002,6,45
O00033,2026-06-08,S001,P002,5,45
O00034,2026-06-09,S001,P002,7,45
O00035,2026-06-10,S001,P002,8,45
O00036,2026-06-12,S001,P002,8,45
O00037,2026-06-13,S001,P002,3,45
O00038,2026-06-14,S001,P002,4,45
O00039,2026-06-16,S001,P002,8,45
O00040,2026-06-17,S001,P002,4,45
O00041,2026-06-18,S001,P002,3,45
O00042,2026-06-19,S001,P002,1,45
O00043,2026-06-20,S001,P002,5,45
O00044,2026-06-21,S001,P002,4,45
O00045,2026-06-22,S001,P002,6,45
O00046,2026-06-23,S001,P002,1,45
O00047,2026-06-24,S001,P002,2,45
O00048,2026-06-25,S001,P002,2,45
O00049,2026-06-26,S001,P002,6,45
O00050,2026-06-27,S001,P002,6,45
O00051,2026-06-28,S001,P002,1,45
O00052,2026-06-29,S001,P002,6,45
O00053,2026-06-30,S001,P002,7,45
O00054,2026-06-01,S001,P003,7,40
O00055,2026-06-02,S001,P003,8,40
O00056,2026-06-03,S001,P003,1,40
O00057,2026-06-04,S001,P003,7,40
O00058,2026-06-05,S001,P003,2,40
O00059,2026-06-06,S001,P003,2,40
O00060,2026-06-07,S001,P003,4,40
O00061,2026-06-08,S001,P003,4,40
O00062,2026-06-09,S001,P003,3,40
O00063,2026-06-10,S001,P003,2,40
O00064,2026-06-11,S001,P003,4,40
O00065,2026-06-12,S001,P003,5,40
O00066,2026-06-13,S001,P003,5,40
O00067,2026-06-14,S001,P003,5,40
O00068,2026-06-15,S001,P003,7,40
O00069,2026-06-16,S001,P003,2,40
O00070,2026-06-17,S001,P003,2,40
O00071,2026-06-18,S001,P003,6,40
O00072,2026-06-19,S001,P003,2,40
O00073,2026-06-20,S001,P003,6,40
O00074,2026-06-22,S001,P003,7,40
O00075,2026-06-23,S001,P003,7,40
O00076,2026-06-24,S001,P003,6,40
O00077,2026-06-25,S001,P003,8,40
O00078,2026-06-26,S001,P003,5,40
O00079,2026-06-27,S001,P003,1,40
O00080,2026-06-28,S001,P003,3,40
O00081,2026-06-29,S001,P003,4,40
O00082,2026-06-30,S001,P003,3,40
O00083,2026-06-01,S001,P004,3,55
O00084,2026-06-02,S001,P004,2,55
O00085,2026-06-03,S001,P004,7,55
O00086,2026-06-04,S001,P004,3,55
O00087,2026-06-05,S001,P004,1,55
O00088,2026-06-06,S001,P004,6,55
O00089,2026-06-07,S001,P004,8,55
O00090,2026-06-08,S001,P004,8,55
O00091,2026-06-09,S001,P004,3,55
O00092,2026-06-10,S001,P004,1,55
O00093,2026-06-11,S001,P004,3,55
O00094,2026-06-12,S001,P004,6,55
O00095,2026-06-13,S001,P004,7,55
O00096,2026-06-14,S001,P004,6,55
O00097,2026-06-15,S001,P004,4,55
O00098,2026-06-16,S001,P004,8,55
O00099,2026-06-17,S001,P004,6,55
O00100,2026-06-18,S001,P004,5,55
O00101,2026-06-20,S001,P004,8,55
O00102,2026-06-22,S001,P004,8,55
O00103,2026-06-23,S001,P004,2,55
O00104,2026-06-24,S001,P004,1,55
O00105,2026-06-25,S001,P004,3,55
O00106,2026-06-26,S001,P004,6,55
O00107,2026-06-27,S001,P004,4,55
O00108,2026-06-28,S001,P004,8,55
O00109,2026-06-30,S001,P004,5,55
O00110,2026-06-01,S001,P005,3,20
O00111,2026-06-02,S001,P005,8,20
O00112,2026-06-04,S001,P005,7,20
O00113,2026-06-05,S001,P005,5,20
O00114,2026-06-06,S001,P005,3,20
O00115,2026-06-08,S001,P005,3,20
O00116,2026-06-09,S001,P005,4,20
O00117,2026-06-10,S001,P005,7,20
O00118,2026-06-11,S001,P005,7,20
O00119,2026-06-12,S001,P005,7,20
O00120,2026-06-13,S001,P005,6,20
O00121,2026-06-14,S001,P005,5,20
O00122,2026-06-15,S001,P005,1,20
O00123,2026-06-17,S001,P005,4,20
O00124,2026-06-18,S001,P005,6,20
O00125,2026-06-19,S001,P005,8,20
O00126,2026-06-20,S001,P005,4,20
O00127,2026-06-21,S001,P005,1,20
O00128,2026-06-22,S001,P005,7,20
O00129,2026-06-23,S001,P005,8,20
O00130,2026-06-24,S001,P005,6,20
O00131,2026-06-25,S001,P005,3,20
O00132,2026-06-26,S001,P005,6,20
O00133,2026-06-27,S001,P005,7,20
O00134,2026-06-28,S001,P005,8,20
O00135,2026-06-29,S001,P005,3,20
O00136,2026-06-30,S001,P005,5,20
O00137,2026-06-01,S001,P006,1,20
O00138,2026-06-02,S001,P006,6,20
O00139,2026-06-03,S001,P006,1,20
O00140,2026-06-04,S001,P006,1,20
O00141,2026-06-05,S001,P006,3,20
O00142,2026-06-07,S001,P006,5,20
O00143,2026-06-08,S001,P006,2,20
O00144,2026-06-09,S001,P006,6,20
O00145,2026-06-10,S001,P006,3,20
O00146,2026-06-11,S001,P006,6,20
O00147,2026-06-12,S001,P006,5,20
O00148,2026-06-13,S001,P006,3,20
O00149,2026-06-14,S001,P006,4,20
O00150,2026-06-15,S001,P006,5,20
O00151,2026-06-16,S001,P006,6,20
O00152,2026-06-17,S001,P006,8,20
O00153,2026-06-19,S001,P006,8,20
O00154,2026-06-20,S001,P006,4,20
O00155,2026-06-21,S001,P006,6,20
O00156,2026-06-22,S001,P006,6,20
O00157,2026-06-23,S001,P006,7,20
O00158,2026-06-24,S001,P006,2,20
O00159,2026-06-25,S001,P006,2,20
O00160,2026-06-26,S001,P006,3,20
O00161,2026-06-27,S001,P006,7,20
O00162,2026-06-28,S001,P006,5,20
O00163,2026-06-29,S001,P006,7,20
O00164,2026-06-30,S001,P006,8,20
O00165,2026-06-01,S001,P007,4,15
O00166,2026-06-02,S001,P007,3,15
O00167,2026-06-03,S001,P007,6,15
O00168,2026-06-04,S001,P007,3,15
O00169,2026-06-06,S001,P007,8,15
O00170,2026-06-07,S001,P007,8,15
O00171,2026-06-08,S001,P007,7,15
O00172,2026-06-09,S001,P007,2,15
O00173,2026-06-10,S001,P007,6,15
O00174,2026-06-11,S001,P007,1,15
O00175,2026-06-12,S001,P007,8,15
O00176,2026-06-13,S001,P007,8,15
O00177,2026-06-14,S001,P007,3,15
O00178,2026-06-15,S001,P007,4,15
O00179,2026-06-17,S001,P007,3,15
O00180,2026-06-18,S001,P007,5,15
O00181,2026-06-19,S001,P007,1,15
O00182,2026-06-20,S001,P007,7,15
O00183,2026-06-21,S001,P007,2,15
O00184,2026-06-22,S001,P007,6,15
O00185,2026-06-23,S001,P007,4,15
O00186,2026-06-24,S001,P007,8,15
O00187,2026-06-25,S001,P007,3,15
O00188,2026-06-26,S001,P007,4,15
O00189,2026-06-28,S001,P007,5,15
O00190,2026-06-29,S001,P007,3,15
O00191,2026-06-30,S001,P007,4,15
O00192,2026-06-01,S001,P008,6,15
O00193,2026-06-03,S001,P008,6,15
O00194,2026-06-04,S001,P008,2,15
O00195,2026-06-05,S001,P008,3,15
O00196,2026-06-06,S001,P008,7,15
O00197,2026-06-07,S001,P008,7,15
O00198,2026-06-09,S001,P008,6,15
O00199,2026-06-10,S001,P008,4,15
O00200,2026-06-11,S001,P008,2,15
O00201,2026-06-15,S001,P008,6,15
O00202,2026-06-17,S001,P008,8,15
O00203,2026-06-18,S001,P008,2,15
O00204,2026-06-19,S001,P008,2,15
O00205,2026-06-20,S001,P008,1,15
O00206,2026-06-21,S001,P008,6,15
O00207,2026-06-22,S001,P008,2,15
O00208,2026-06-23,S001,P008,2,15
O00209,2026-06-24,S001,P008,4,15
O00210,2026-06-25,S001,P008,3,15
O00211,2026-06-26,S001,P008,3,15
O00212,2026-06-28,S001,P008,8,15
O00213,2026-06-01,S001,P009,6,40
O00214,2026-06-02,S001,P009,1,40
O00215,2026-06-03,S001,P009,2,40
O00216,2026-06-05,S001,P009,2,40
O00217,2026-06-06,S001,P009,1,40
O00218,2026-06-07,S001,P009,1,40
O00219,2026-06-08,S001,P009,7,40
O00220,2026-06-09,S001,P009,1,40
O00221,2026-06-10,S001,P009,2,40
O00222,2026-06-11,S001,P009,5,40
O00223,2026-06-12,S001,P009,2,40
O00224,2026-06-13,S001,P009,6,40
O00225,2026-06-14,S001,P009,2,40
O00226,2026-06-16,S001,P009,4,40
O00227,2026-06-17,S001,P009,2,40
O00228,2026-06-18,S001,P009,7,40
O00229,2026-06-19,S001,P009,6,40
O00230,2026-06-20,S001,P009,6,40
O00231,2026-06-21,S001,P009,4,40
O00232,2026-06-23,S001,P009,7,40
O00233,2026-06-24,S001,P009,2,40
O00234,2026-06-25,S001,P009,2,40
O00235,2026-06-27,S001,P009,6,40
O00236,2026-06-28,S001,P009,7,40
O00237,2026-06-29,S001,P009,4,40
O00238,2026-06-30,S001,P009,8,40
O00239,2026-06-03,S001,P010,1,40
O00240,2026-06-04,S001,P010,7,40
O00241,2026-06-05,S001,P010,6,40
O00242,2026-06-06,S001,P010,3,40
O00243,2026-06-07,S001,P010,6,40
O00244,2026-06-08,S001,P010,2,40
O00245,2026-06-09,S001,P010,5,40
O00246,2026-06-10,S001,P010,8,40
O00247,2026-06-12,S001,P010,8,40
O00248,2026-06-13,S001,P010,4,40
O00249,2026-06-14,S001,P010,8,40
O00250,2026-06-15,S001,P010,6,40
O00251,2026-06-16,S001,P010,7,40
O00252,2026-06-17,S001,P010,3,40
O00253,2026-06-18,S001,P010,2,40
O00254,2026-06-19,S001,P010,8,40
O00255,2026-06-20,S001,P010,3,40
O00256,2026-06-21,S001,P010,2,40
O00257,2026-06-22,S001,P010,8,40
O00258,2026-06-24,S001,P010,1,40
O00259,2026-06-25,S001,P010,5,40
O00260,2026-06-26,S001,P010,5,40
O00261,2026-06-27,S001,P010,4,40
O00262,2026-06-28,S001,P010,8,40
O00263,2026-06-29,S001,P010,8,40
O00264,2026-06-30,S001,P010,5,40
O00265,2026-06-01,S001,P011,8,125
O00266,2026-06-02,S001,P011,7,125
O00267,2026-06-05,S001,P011,4,125
O00268,2026-06-06,S001,P011,3,125
O00269,2026-06-07,S001,P011,7,125
O00270,2026-06-08,S001,P011,4,125
O00271,2026-06-09,S001,P011,3,125
O00272,2026-06-10,S001,P011,8,125
O00273,2026-06-12,S001,P011,1,125
O00274,2026-06-13,S001,P011,6,125
O00275,2026-06-14,S001,P011,8,125
O00276,2026-06-15,S001,P011,6,125
O00277,2026-06-16,S001,P011,5,125
O00278,2026-06-17,S001,P011,5,125
O00279,2026-06-18,S001,P011,5,125
O00280,2026-06-19,S001,P011,8,125
O00281,2026-06-20,S001,P011,4,125
O00282,2026-06-21,S001,P011,4,125
O00283,2026-06-22,S001,P011,7,125
O00284,2026-06-24,S001,P011,7,125
O00285,2026-06-25,S001,P011,2,125
O00286,2026-06-26,S001,P011,1,125
O00287,2026-06-27,S001,P011,7,125
O00288,2026-06-28,S001,P011,5,125
O00289,2026-06-29,S001,P011,5,125
O00290,2026-06-30,S001,P011,8,125
O00291,2026-06-02,S001,P012,2,28
O00292,2026-06-03,S001,P012,2,28
O00293,2026-06-04,S001,P012,1,28
O00294,2026-06-05,S001,P012,2,28
O00295,2026-06-06,S001,P012,2,28
O00296,2026-06-07,S001,P012,3,28
O00297,2026-06-08,S001,P012,1,28
O00298,2026-06-09,S001,P012,3,28
O00299,2026-06-10,S001,P012,2,28
O00300,2026-06-11,S001,P012,1,28
O00301,2026-06-12,S001,P012,3,28
O00302,2026-06-13,S001,P012,3,28
O00303,2026-06-14,S001,P012,1,28
O00304,2026-06-15,S001,P012,3,28
O00305,2026-06-16,S001,P012,3,28
O00306,2026-06-17,S001,P012,2,28
O00307,2026-06-18,S001,P012,3,28
O00308,2026-06-19,S001,P012,2,28
O00309,2026-06-20,S001,P012,2,28
O00310,2026-06-21,S001,P012,2,28
O00311,2026-06-22,S001,P012,3,28
O00312,2026-06-23,S001,P012,3,28
O00313,2026-06-24,S001,P012,2,28
O00314,2026-06-26,S001,P012,3,28
O00315,2026-06-27,S001,P012,1,28
O00316,2026-06-29,S001,P012,1,28
O00317,2026-06-30,S001,P012,3,28
O00318,2026-06-02,S001,P013,2,260
O00319,2026-06-03,S001,P013,3,260
O00320,2026-06-04,S001,P013,3,260
O00321,2026-06-06,S001,P013,1,260
O00322,2026-06-08,S001,P013,3,260
O00323,2026-06-09,S001,P013,3,260
O00324,2026-06-10,S001,P013,1,260
O00325,2026-06-11,S001,P013,1,260
O00326,2026-06-12,S001,P013,2,260
O00327,2026-06-14,S001,P013,1,260
O00328,2026-06-15,S001,P013,1,260
O00329,2026-06-16,S001,P013,3,260
O00330,2026-06-18,S001,P013,2,260
O00331,2026-06-20,S001,P013,3,260
O00332,2026-06-22,S001,P013,2,260
O00333,2026-06-23,S001,P013,2,260
O00334,2026-06-24,S001,P013,2,260
O00335,2026-06-25,S001,P013,3,260
O00336,2026-06-26,S001,P013,3,260
O00337,2026-06-27,S001,P013,3,260
O00338,2026-06-28,S001,P013,2,260
O00339,2026-06-29,S001,P013,1,260
O00340,2026-06-30,S001,P013,2,260
O00341,2026-06-01,S001,P014,3,160
O00342,2026-06-03,S001,P014,1,160
O00343,2026-06-04,S001,P014,1,160
O00344,2026-06-05,S001,P014,2,160
O00345,2026-06-06,S001,P014,1,160
O00346,2026-06-07,S001,P014,3,160
O00347,2026-06-08,S001,P014,3,160
O00348,2026-06-09,S001,P014,2,160
O00349,2026-06-10,S001,P014,3,160
O00350,2026-06-11,S001,P014,2,160
O00351,2026-06-12,S001,P014,3,160
O00352,2026-06-14,S001,P014,2,160
O00353,2026-06-15,S001,P014,3,160
O00354,2026-06-17,S001,P014,3,160
O00355,2026-06-19,S001,P014,1,160
O00356,2026-06-20,S001,P014,1,160
O00357,2026-06-22,S001,P014,2,160
O00358,2026-06-23,S001,P014,1,160
O00359,2026-06-24,S001,P014,3,160
O00360,2026-06-25,S001,P014,1,160
O00361,2026-06-29,S001,P014,2,160
O00362,2026-06-30,S001,P014,3,160
O00363,2026-06-05,S001,P015,1,165
O00364,2026-06-07,S001,P015,1,165
O00365,2026-06-20,S001,P015,1,165
O00366,2026-06-26,S001,P015,1,165
O00367,2026-06-27,S001,P015,1,165
O00368,2026-06-28,S001,P015,1,165
O00369,2026-06-29,S001,P015,1,165
O00370,2026-06-30,S001,P015,1,165
O00371,2026-06-01,S001,P016,1,120
O00372,2026-06-02,S001,P016,1,120
O00373,2026-06-03,S001,P016,1,120
O00374,2026-06-04,S001,P016,3,120
O00375,2026-06-05,S001,P016,2,120
O00376,2026-06-07,S001,P016,1,120
O00377,2026-06-12,S001,P016,1,120
O00378,2026-06-14,S001,P016,3,120
O00379,2026-06-16,S001,P016,2,120
O00380,2026-06-17,S001,P016,2,120
O00381,2026-06-18,S001,P016,3,120
O00382,2026-06-19,S001,P016,2,120
O00383,2026-06-20,S001,P016,1,120
O00384,2026-06-21,S001,P016,1,120
O00385,2026-06-22,S001,P016,2,120
O00386,2026-06-24,S001,P016,2,120
O00387,2026-06-25,S001,P016,3,120
O00388,2026-06-26,S001,P016,1,120
O00389,2026-06-28,S001,P016,3,120
O00390,2026-06-29,S001,P016,1,120
O00391,2026-06-30,S001,P016,2,120
O00392,2026-06-01,S001,P017,3,95
O00393,2026-06-02,S001,P017,1,95
O00394,2026-06-03,S001,P017,1,95
O00395,2026-06-04,S001,P017,2,95
O00396,2026-06-05,S001,P017,1,95
O00397,2026-06-08,S001,P017,3,95
O00398,2026-06-11,S001,P017,3,95
O00399,2026-06-13,S001,P017,2,95
O00400,2026-06-14,S001,P017,3,95
O00401,2026-06-15,S001,P017,1,95
O00402,2026-06-17,S001,P017,3,95
O00403,2026-06-19,S001,P017,3,95
O00404,2026-06-21,S001,P017,1,95
O00405,2026-06-22,S001,P017,2,95
O00406,2026-06-23,S001,P017,3,95
O00407,2026-06-25,S001,P017,1,95
O00408,2026-06-26,S001,P017,3,95
O00409,2026-06-27,S001,P017,3,95
O00410,2026-06-29,S001,P017,1,95
O00411,2026-06-30,S001,P017,2,95
O00412,2026-06-01,S001,P018,1,99
O00413,2026-06-03,S001,P018,2,99
O00414,2026-06-04,S001,P018,1,99
O00415,2026-06-06,S001,P018,1,99
O00416,2026-06-08,S001,P018,1,99
O00417,2026-06-09,S001,P018,1,99
O00418,2026-06-10,S001,P018,1,99
O00419,2026-06-11,S001,P018,3,99
O00420,2026-06-12,S001,P018,3,99
O00421,2026-06-13,S001,P018,3,99
O00422,2026-06-14,S001,P018,1,99
O00423,2026-06-15,S001,P018,2,99
O00424,2026-06-17,S001,P018,2,99
O00425,2026-06-18,S001,P018,3,99
O00426,2026-06-19,S001,P018,1,99
O00427,2026-06-20,S001,P018,1,99
O00428,2026-06-21,S001,P018,1,99
O00429,2026-06-23,S001,P018,1,99
O00430,2026-06-24,S001,P018,1,99
O00431,2026-06-25,S001,P018,1,99
O00432,2026-06-27,S001,P018,1,99
O00433,2026-06-28,S001,P018,2,99
O00434,2026-06-30,S001,P018,1,99
O00435,2026-06-02,S001,P019,1,105
O00436,2026-06-11,S001,P019,1,105
O00437,2026-06-12,S001,P019,1,105
O00438,2026-06-14,S001,P019,1,105
O00439,2026-06-16,S001,P019,1,105
O00440,2026-06-17,S001,P019,1,105
O00441,2026-06-18,S001,P019,1,105
O00442,2026-06-22,S001,P019,1,105
O00443,2026-06-25,S001,P019,1,105
O00444,2026-06-27,S001,P019,1,105
O00445,2026-06-28,S001,P019,1,105
O00446,2026-06-29,S001,P019,1,105
O00447,2026-06-30,S001,P019,1,105
O00448,2026-06-01,S001,P020,3,35
O00449,2026-06-02,S001,P020,1,35
O00450,2026-06-05,S001,P020,3,35
O00451,2026-06-06,S001,P020,2,35
O00452,2026-06-07,S001,P020,1,35
O00453,2026-06-08,S001,P020,2,35
O00454,2026-06-09,S001,P020,2,35
O00455,2026-06-11,S001,P020,2,35
O00456,2026-06-13,S001,P020,2,35
O00457,2026-06-14,S001,P020,3,35
O00458,2026-06-15,S001,P020,3,35
O00459,2026-06-17,S001,P020,3,35
O00460,2026-06-18,S001,P020,3,35
O00461,2026-06-19,S001,P020,1,35
O00462,2026-06-20,S001,P020,1,35
O00463,2026-06-21,S001,P020,2,35
O00464,2026-06-22,S001,P020,3,35
O00465,2026-06-24,S001,P020,2,35
O00466,2026-06-25,S001,P020,3,35
O00467,2026-06-26,S001,P020,3,35
O00468,2026-06-27,S001,P020,1,35
O00469,2026-06-28,S001,P020,1,35
O00470,2026-06-29,S001,P020,3,35
O00471,2026-06-30,S001,P020,3,35
O00472,2026-06-01,S002,P001,4,68
O00473,2026-06-02,S002,P001,4,68
O00474,2026-06-03,S002,P001,2,68
O00475,2026-06-05,S002,P001,2,68
O00476,2026-06-06,S002,P001,6,68
O00477,2026-06-07,S002,P001,2,68
O00478,2026-06-09,S002,P001,4,68
O00479,2026-06-10,S002,P001,1,68
O00480,2026-06-11,S002,P001,5,68
O00481,2026-06-12,S002,P001,8,68
O00482,2026-06-14,S002,P001,7,68
O00483,2026-06-15,S002,P001,6,68
O00484,2026-06-16,S002,P001,7,68
O00485,2026-06-17,S002,P001,4,68
O00486,2026-06-18,S002,P001,6,68
O00487,2026-06-19,S002,P001,4,68
O00488,2026-06-20,S002,P001,6,68
O00489,2026-06-21,S002,P001,2,68
O00490,2026-06-22,S002,P001,3,68
O00491,2026-06-23,S002,P001,8,68
O00492,2026-06-24,S002,P001,7,68
O00493,2026-06-25,S002,P001,2,68
O00494,2026-06-26,S002,P001,2,68
O00495,2026-06-27,S002,P001,6,68
O00496,2026-06-28,S002,P001,1,68
O00497,2026-06-29,S002,P001,2,68
O00498,2026-06-30,S002,P001,6,68
O00499,2026-06-01,S002,P002,3,45
O00500,2026-06-03,S002,P002,5,45
O00501,2026-06-04,S002,P002,6,45
O00502,2026-06-07,S002,P002,6,45
O00503,2026-06-10,S002,P002,2,45
O00504,2026-06-11,S002,P002,5,45
O00505,2026-06-13,S002,P002,6,45
O00506,2026-06-14,S002,P002,7,45
O00507,2026-06-16,S002,P002,1,45
O00508,2026-06-17,S002,P002,6,45
O00509,2026-06-18,S002,P002,5,45
O00510,2026-06-19,S002,P002,5,45
O00511,2026-06-20,S002,P002,1,45
O00512,2026-06-21,S002,P002,7,45
O00513,2026-06-22,S002,P002,2,45
O00514,2026-06-23,S002,P002,6,45
O00515,2026-06-24,S002,P002,3,45
O00516,2026-06-25,S002,P002,8,45
O00517,2026-06-26,S002,P002,4,45
O00518,2026-06-27,S002,P002,2,45
O00519,2026-06-28,S002,P002,8,45
O00520,2026-06-29,S002,P002,8,45
O00521,2026-06-01,S002,P003,4,40
O00522,2026-06-02,S002,P003,6,40
O00523,2026-06-03,S002,P003,7,40
O00524,2026-06-04,S002,P003,4,40
O00525,2026-06-05,S002,P003,5,40
O00526,2026-06-06,S002,P003,4,40
O00527,2026-06-07,S002,P003,7,40
O00528,2026-06-08,S002,P003,4,40
O00529,2026-06-09,S002,P003,7,40
O00530,2026-06-10,S002,P003,5,40
O00531,2026-06-11,S002,P003,4,40
O00532,2026-06-12,S002,P003,6,40
O00533,2026-06-14,S002,P003,6,40
O00534,2026-06-15,S002,P003,2,40
O00535,2026-06-17,S002,P003,5,40
O00536,2026-06-18,S002,P003,8,40
O00537,2026-06-19,S002,P003,2,40
O00538,2026-06-20,S002,P003,8,40
O00539,2026-06-21,S002,P003,6,40
O00540,2026-06-22,S002,P003,2,40
O00541,2026-06-23,S002,P003,2,40
O00542,2026-06-24,S002,P003,7,40
O00543,2026-06-25,S002,P003,8,40
O00544,2026-06-26,S002,P003,8,40
O00545,2026-06-27,S002,P003,1,40
O00546,2026-06-28,S002,P003,5,40
O00547,2026-06-29,S002,P003,6,40
O00548,2026-06-01,S002,P004,7,55
O00549,2026-06-02,S002,P004,2,55
O00550,2026-06-03,S002,P004,3,55
O00551,2026-06-04,S002,P004,4,55
O00552,2026-06-05,S002,P004,5,55
O00553,2026-06-06,S002,P004,5,55
O00554,2026-06-08,S002,P004,6,55
O00555,2026-06-09,S002,P004,6,55
O00556,2026-06-10,S002,P004,6,55
O00557,2026-06-11,S002,P004,2,55
O00558,2026-06-12,S002,P004,6,55
O00559,2026-06-13,S002,P004,8,55
O00560,2026-06-14,S002,P004,6,55
O00561,2026-06-15,S002,P004,5,55
O00562,2026-06-16,S002,P004,2,55
O00563,2026-06-17,S002,P004,5,55
O00564,2026-06-18,S002,P004,2,55
O00565,2026-06-20,S002,P004,4,55
O00566,2026-06-21,S002,P004,7,55
O00567,2026-06-22,S002,P004,7,55
O00568,2026-06-23,S002,P004,8,55
O00569,2026-06-24,S002,P004,7,55
O00570,2026-06-25,S002,P004,1,55
O00571,2026-06-26,S002,P004,6,55
O00572,2026-06-27,S002,P004,2,55
O00573,2026-06-28,S002,P004,2,55
O00574,2026-06-29,S002,P004,7,55
O00575,2026-06-30,S002,P004,2,55
O00576,2026-06-01,S002,P005,2,20
O00577,2026-06-03,S002,P005,1,20
O00578,2026-06-04,S002,P005,7,20
O00579,2026-06-06,S002,P005,8,20
O00580,2026-06-07,S002,P005,5,20
O00581,2026-06-09,S002,P005,1,20
O00582,2026-06-10,S002,P005,2,20
O00583,2026-06-11,S002,P005,6,20
O00584,2026-06-12,S002,P005,6,20
O00585,2026-06-14,S002,P005,4,20
O00586,2026-06-15,S002,P005,8,20
O00587,2026-06-16,S002,P005,3,20
O00588,2026-06-17,S002,P005,2,20
O00589,2026-06-18,S002,P005,7,20
O00590,2026-06-19,S002,P005,5,20
O00591,2026-06-20,S002,P005,4,20
O00592,2026-06-21,S002,P005,8,20
O00593,2026-06-22,S002,P005,5,20
O00594,2026-06-23,S002,P005,6,20
O00595,2026-06-24,S002,P005,8,20
O00596,2026-06-25,S002,P005,5,20
O00597,2026-06-26,S002,P005,4,20
O00598,2026-06-27,S002,P005,4,20
O00599,2026-06-28,S002,P005,5,20
O00600,2026-06-29,S002,P005,6,20
O00601,2026-06-30,S002,P005,6,20
O00602,2026-06-01,S002,P006,4,20
O00603,2026-06-02,S002,P006,7,20
O00604,2026-06-03,S002,P006,4,20
O00605,2026-06-05,S002,P006,6,20
O00606,2026-06-06,S002,P006,2,20
O00607,2026-06-07,S002,P006,1,20
O00608,2026-06-08,S002,P006,6,20
O00609,2026-06-10,S002,P006,1,20
O00610,2026-06-11,S002,P006,2,20
O00611,2026-06-13,S002,P006,8,20
O00612,2026-06-14,S002,P006,2,20
O00613,2026-06-15,S002,P006,1,20
O00614,2026-06-16,S002,P006,4,20
O00615,2026-06-18,S002,P006,4,20
O00616,2026-06-19,S002,P006,8,20
O00617,2026-06-20,S002,P006,7,20
O00618,2026-06-21,S002,P006,7,20
O00619,2026-06-22,S002,P006,2,20
O00620,2026-06-23,S002,P006,6,20
O00621,2026-06-26,S002,P006,5,20
O00622,2026-06-27,S002,P006,8,20
O00623,2026-06-28,S002,P006,3,20
O00624,2026-06-29,S002,P006,2,20
O00625,2026-06-30,S002,P006,3,20
O00626,2026-06-01,S002,P007,1,15
O00627,2026-06-02,S002,P007,1,15
O00628,2026-06-03,S002,P007,7,15
O00629,2026-06-04,S002,P007,1,15
O00630,2026-06-05,S002,P007,8,15
O00631,2026-06-06,S002,P007,4,15
O00632,2026-06-07,S002,P007,2,15
O00633,2026-06-08,S002,P007,3,15
O00634,2026-06-09,S002,P007,5,15
O00635,2026-06-10,S002,P007,8,15
O00636,2026-06-11,S002,P007,5,15
O00637,2026-06-12,S002,P007,5,15
O00638,2026-06-13,S002,P007,7,15
O00639,2026-06-14,S002,P007,4,15
O00640,2026-06-15,S002,P007,7,15
O00641,2026-06-16,S002,P007,1,15
O00642,2026-06-17,S002,P007,2,15
O00643,2026-06-18,S002,P007,2,15
O00644,2026-06-19,S002,P007,8,15
O00645,2026-06-20,S002,P007,6,15
O00646,2026-06-21,S002,P007,6,15
O00647,2026-06-22,S002,P007,8,15
O00648,2026-06-23,S002,P007,6,15
O00649,2026-06-24,S002,P007,6,15
O00650,2026-06-25,S002,P007,3,15
O00651,2026-06-26,S002,P007,6,15
O00652,2026-06-27,S002,P007,4,15
O00653,2026-06-28,S002,P007,8,15
O00654,2026-06-29,S002,P007,8,15
O00655,2026-06-30,S002,P007,4,15
O00656,2026-06-01,S002,P008,4,15
O00657,2026-06-02,S002,P008,6,15
O00658,2026-06-03,S002,P008,5,15
O00659,2026-06-04,S002,P008,8,15
O00660,2026-06-05,S002,P008,4,15
O00661,2026-06-06,S002,P008,7,15
O00662,2026-06-07,S002,P008,6,15
O00663,2026-06-08,S002,P008,6,15
O00664,2026-06-09,S002,P008,2,15
O00665,2026-06-11,S002,P008,4,15
O00666,2026-06-14,S002,P008,7,15
O00667,2026-06-15,S002,P008,4,15
O00668,2026-06-16,S002,P008,3,15
O00669,2026-06-17,S002,P008,3,15
O00670,2026-06-18,S002,P008,3,15
O00671,2026-06-19,S002,P008,5,15
O00672,2026-06-20,S002,P008,6,15
O00673,2026-06-21,S002,P008,3,15
O00674,2026-06-22,S002,P008,8,15
O00675,2026-06-23,S002,P008,1,15
O00676,2026-06-24,S002,P008,6,15
O00677,2026-06-25,S002,P008,6,15
O00678,2026-06-26,S002,P008,8,15
O00679,2026-06-28,S002,P008,3,15
O00680,2026-06-29,S002,P008,4,15
O00681,2026-06-30,S002,P008,4,15
O00682,2026-06-01,S002,P009,3,40
O00683,2026-06-02,S002,P009,3,40
O00684,2026-06-03,S002,P009,4,40
O00685,2026-06-04,S002,P009,1,40
O00686,2026-06-05,S002,P009,8,40
O00687,2026-06-07,S002,P009,6,40
O00688,2026-06-08,S002,P009,2,40
O00689,2026-06-09,S002,P009,6,40
O00690,2026-06-10,S002,P009,8,40
O00691,2026-06-12,S002,P009,1,40
O00692,2026-06-13,S002,P009,6,40
O00693,2026-06-14,S002,P009,1,40
O00694,2026-06-15,S002,P009,5,40
O00695,2026-06-16,S002,P009,2,40
O00696,2026-06-18,S002,P009,7,40
O00697,2026-06-19,S002,P009,6,40
O00698,2026-06-20,S002,P009,7,40
O00699,2026-06-21,S002,P009,7,40
O00700,2026-06-22,S002,P009,7,40
O00701,2026-06-23,S002,P009,8,40
O00702,2026-06-24,S002,P009,5,40
O00703,2026-06-25,S002,P009,7,40
O00704,2026-06-26,S002,P009,6,40
O00705,2026-06-27,S002,P009,2,40
O00706,2026-06-28,S002,P009,5,40
O00707,2026-06-29,S002,P009,3,40
O00708,2026-06-30,S002,P009,7,40
O00709,2026-06-01,S002,P010,4,40
O00710,2026-06-02,S002,P010,2,40
O00711,2026-06-04,S002,P010,1,40
O00712,2026-06-05,S002,P010,6,40
O00713,2026-06-06,S002,P010,8,40
O00714,2026-06-07,S002,P010,6,40
O00715,2026-06-08,S002,P010,3,40
O00716,2026-06-10,S002,P010,2,40
O00717,2026-06-11,S002,P010,6,40
O00718,2026-06-12,S002,P010,1,40
O00719,2026-06-13,S002,P010,5,40
O00720,2026-06-15,S002,P010,2,40
O00721,2026-06-16,S002,P010,1,40
O00722,2026-06-17,S002,P010,3,40
O00723,2026-06-18,S002,P010,4,40
O00724,2026-06-19,S002,P010,4,40
O00725,2026-06-20,S002,P010,3,40
O00726,2026-06-21,S002,P010,1,40
O00727,2026-06-22,S002,P010,2,40
O00728,2026-06-23,S002,P010,7,40
O00729,2026-06-24,S002,P010,3,40
O00730,2026-06-25,S002,P010,7,40
O00731,2026-06-26,S002,P010,7,40
O00732,2026-06-27,S002,P010,1,40
O00733,2026-06-28,S002,P010,5,40
O00734,2026-06-29,S002,P010,5,40
O00735,2026-06-30,S002,P010,2,40
O00736,2026-06-01,S002,P011,1,125
O00737,2026-06-02,S002,P011,7,125
O00738,2026-06-03,S002,P011,7,125
O00739,2026-06-04,S002,P011,3,125
O00740,2026-06-05,S002,P011,3,125
O00741,2026-06-06,S002,P011,8,125
O00742,2026-06-07,S002,P011,5,125
O00743,2026-06-08,S002,P011,1,125
O00744,2026-06-09,S002,P011,3,125
O00745,2026-06-10,S002,P011,4,125
O00746,2026-06-12,S002,P011,8,125
O00747,2026-06-13,S002,P011,5,125
O00748,2026-06-14,S002,P011,1,125
O00749,2026-06-15,S002,P011,8,125
O00750,2026-06-16,S002,P011,6,125
O00751,2026-06-17,S002,P011,8,125
O00752,2026-06-18,S002,P011,3,125
O00753,2026-06-19,S002,P011,6,125
O00754,2026-06-20,S002,P011,7,125
O00755,2026-06-21,S002,P011,7,125
O00756,2026-06-22,S002,P011,3,125
O00757,2026-06-23,S002,P011,5,125
O00758,2026-06-24,S002,P011,1,125
O00759,2026-06-25,S002,P011,2,125
O00760,2026-06-26,S002,P011,6,125
O00761,2026-06-28,S002,P011,2,125
O00762,2026-06-29,S002,P011,6,125
O00763,2026-06-30,S002,P011,6,125
O00764,2026-06-01,S002,P012,2,28
O00765,2026-06-02,S002,P012,1,28
O00766,2026-06-03,S002,P012,1,28
O00767,2026-06-05,S002,P012,3,28
O00768,2026-06-07,S002,P012,1,28
O00769,2026-06-08,S002,P012,2,28
O00770,2026-06-11,S002,P012,2,28
O00771,2026-06-15,S002,P012,1,28
O00772,2026-06-16,S002,P012,3,28
O00773,2026-06-17,S002,P012,3,28
O00774,2026-06-18,S002,P012,3,28
O00775,2026-06-19,S002,P012,1,28
O00776,2026-06-20,S002,P012,3,28
O00777,2026-06-21,S002,P012,2,28
O00778,2026-06-22,S002,P012,3,28
O00779,2026-06-23,S002,P012,3,28
O00780,2026-06-24,S002,P012,1,28
O00781,2026-06-25,S002,P012,3,28
O00782,2026-06-27,S002,P012,2,28
O00783,2026-06-28,S002,P012,3,28
O00784,2026-06-29,S002,P012,3,28
O00785,2026-06-30,S002,P012,1,28
O00786,2026-06-02,S002,P013,1,260
O00787,2026-06-03,S002,P013,3,260
O00788,2026-06-04,S002,P013,3,260
O00789,2026-06-06,S002,P013,2,260
O00790,2026-06-07,S002,P013,3,260
O00791,2026-06-08,S002,P013,1,260
O00792,2026-06-09,S002,P013,1,260
O00793,2026-06-10,S002,P013,2,260
O00794,2026-06-12,S002,P013,2,260
O00795,2026-06-13,S002,P013,1,260
O00796,2026-06-15,S002,P013,2,260
O00797,2026-06-16,S002,P013,1,260
O00798,2026-06-17,S002,P013,2,260
O00799,2026-06-18,S002,P013,1,260
O00800,2026-06-19,S002,P013,1,260
O00801,2026-06-20,S002,P013,2,260
O00802,2026-06-22,S002,P013,3,260
O00803,2026-06-23,S002,P013,2,260
O00804,2026-06-24,S002,P013,1,260
O00805,2026-06-25,S002,P013,3,260
O00806,2026-06-27,S002,P013,1,260
O00807,2026-06-28,S002,P013,1,260
O00808,2026-06-30,S002,P013,3,260
O00809,2026-06-02,S002,P014,1,160
O00810,2026-06-03,S002,P014,2,160
O00811,2026-06-04,S002,P014,1,160
O00812,2026-06-05,S002,P014,2,160
O00813,2026-06-06,S002,P014,3,160
O00814,2026-06-07,S002,P014,3,160
O00815,2026-06-11,S002,P014,3,160
O00816,2026-06-12,S002,P014,1,160
O00817,2026-06-13,S002,P014,2,160
O00818,2026-06-14,S002,P014,3,160
O00819,2026-06-16,S002,P014,2,160
O00820,2026-06-17,S002,P014,3,160
O00821,2026-06-18,S002,P014,2,160
O00822,2026-06-19,S002,P014,2,160
O00823,2026-06-20,S002,P014,1,160
O00824,2026-06-21,S002,P014,1,160
O00825,2026-06-22,S002,P014,3,160
O00826,2026-06-24,S002,P014,1,160
O00827,2026-06-25,S002,P014,1,160
O00828,2026-06-27,S002,P014,1,160
O00829,2026-06-28,S002,P014,1,160
O00830,2026-06-29,S002,P014,1,160
O00831,2026-06-30,S002,P014,3,160
O00832,2026-06-02,S002,P015,1,165
O00833,2026-06-04,S002,P015,1,165
O00834,2026-06-05,S002,P015,1,165
O00835,2026-06-06,S002,P015,1,165
O00836,2026-06-10,S002,P015,1,165
O00837,2026-06-11,S002,P015,1,165
O00838,2026-06-17,S002,P015,1,165
O00839,2026-06-24,S002,P015,1,165
O00840,2026-06-27,S002,P015,1,165
O00841,2026-06-28,S002,P015,1,165
O00842,2026-06-30,S002,P015,1,165
O00843,2026-06-01,S002,P016,3,120
O00844,2026-06-02,S002,P016,2,120
O00845,2026-06-03,S002,P016,2,120
O00846,2026-06-04,S002,P016,1,120
O00847,2026-06-05,S002,P016,3,120
O00848,2026-06-06,S002,P016,2,120
O00849,2026-06-07,S002,P016,3,120
O00850,2026-06-08,S002,P016,1,120
O00851,2026-06-09,S002,P016,2,120
O00852,2026-06-11,S002,P016,3,120
O00853,2026-06-12,S002,P016,3,120
O00854,2026-06-15,S002,P016,2,120
O00855,2026-06-16,S002,P016,2,120
O00856,2026-06-17,S002,P016,3,120
O00857,2026-06-18,S002,P016,2,120
O00858,2026-06-19,S002,P016,1,120
O00859,2026-06-21,S002,P016,1,120
O00860,2026-06-22,S002,P016,2,120
O00861,2026-06-24,S002,P016,1,120
O00862,2026-06-25,S002,P016,1,120
O00863,2026-06-26,S002,P016,1,120
O00864,2026-06-27,S002,P016,1,120
O00865,2026-06-28,S002,P016,3,120
O00866,2026-06-29,S002,P016,2,120
O00867,2026-06-30,S002,P016,1,120
O00868,2026-06-01,S002,P017,2,95
O00869,2026-06-02,S002,P017,1,95
O00870,2026-06-03,S002,P017,1,95
O00871,2026-06-05,S002,P017,1,95
O00872,2026-06-06,S002,P017,1,95
O00873,2026-06-07,S002,P017,3,95
O00874,2026-06-08,S002,P017,1,95
O00875,2026-06-09,S002,P017,2,95
O00876,2026-06-10,S002,P017,1,95
O00877,2026-06-11,S002,P017,2,95
O00878,2026-06-13,S002,P017,1,95
O00879,2026-06-17,S002,P017,3,95
O00880,2026-06-19,S002,P017,1,95
O00881,2026-06-20,S002,P017,2,95
O00882,2026-06-22,S002,P017,3,95
O00883,2026-06-23,S002,P017,2,95
O00884,2026-06-24,S002,P017,2,95
O00885,2026-06-25,S002,P017,2,95
O00886,2026-06-26,S002,P017,2,95
O00887,2026-06-27,S002,P017,1,95
O00888,2026-06-28,S002,P017,2,95
O00889,2026-06-29,S002,P017,1,95
O00890,2026-06-30,S002,P017,2,95
O00891,2026-06-01,S002,P018,3,99
O00892,2026-06-02,S002,P018,2,99
O00893,2026-06-03,S002,P018,3,99
O00894,2026-06-05,S002,P018,2,99
O00895,2026-06-06,S002,P018,2,99
O00896,2026-06-07,S002,P018,3,99
O00897,2026-06-08,S002,P018,1,99
O00898,2026-06-11,S002,P018,2,99
O00899,2026-06-14,S002,P018,1,99
O00900,2026-06-15,S002,P018,3,99
O00901,2026-06-16,S002,P018,3,99
O00902,2026-06-17,S002,P018,3,99
O00903,2026-06-18,S002,P018,2,99
O00904,2026-06-19,S002,P018,1,99
O00905,2026-06-20,S002,P018,1,99
O00906,2026-06-22,S002,P018,2,99
O00907,2026-06-23,S002,P018,2,99
O00908,2026-06-26,S002,P018,2,99
O00909,2026-06-27,S002,P018,3,99
O00910,2026-06-29,S002,P018,1,99
O00911,2026-06-30,S002,P018,2,99
O00912,2026-06-02,S002,P019,1,105
O00913,2026-06-07,S002,P019,1,105
O00914,2026-06-12,S002,P019,1,105
O00915,2026-06-16,S002,P019,1,105
O00916,2026-06-17,S002,P019,1,105
O00917,2026-06-19,S002,P019,1,105
O00918,2026-06-22,S002,P019,1,105
O00919,2026-06-29,S002,P019,1,105
O00920,2026-06-30,S002,P019,1,105
O00921,2026-06-01,S002,P020,3,35
O00922,2026-06-03,S002,P020,3,35
O00923,2026-06-04,S002,P020,3,35
O00924,2026-06-05,S002,P020,2,35
O00925,2026-06-06,S002,P020,2,35
O00926,2026-06-08,S002,P020,2,35
O00927,2026-06-09,S002,P020,2,35
O00928,2026-06-10,S002,P020,1,35
O00929,2026-06-11,S002,P020,1,35
O00930,2026-06-12,S002,P020,3,35
O00931,2026-06-14,S002,P020,3,35
O00932,2026-06-16,S002,P020,2,35
O00933,2026-06-17,S002,P020,2,35
O00934,2026-06-18,S002,P020,1,35
O00935,2026-06-19,S002,P020,1,35
O00936,2026-06-20,S002,P020,2,35
O00937,2026-06-21,S002,P020,3,35
O00938,2026-06-22,S002,P020,1,35
O00939,2026-06-24,S002,P020,3,35
O00940,2026-06-25,S002,P020,2,35
O00941,2026-06-26,S002,P020,1,35
O00942,2026-06-27,S002,P020,1,35
O00943,2026-06-28,S002,P020,3,35
O00944,2026-06-29,S002,P020,2,35
O00945,2026-06-30,S002,P020,3,35
O00946,2026-06-01,S003,P001,5,68
O00947,2026-06-03,S003,P001,4,68
O00948,2026-06-04,S003,P001,4,68
O00949,2026-06-05,S003,P001,1,68
O00950,2026-06-06,S003,P001,4,68
O00951,2026-06-07,S003,P001,7,68
O00952,2026-06-08,S003,P001,6,68
O00953,2026-06-09,S003,P001,1,68
O00954,2026-06-10,S003,P001,6,68
O00955,2026-06-11,S003,P001,4,68
O00956,2026-06-12,S003,P001,8,68
O00957,2026-06-13,S003,P001,4,68
O00958,2026-06-14,S003,P001,7,68
O00959,2026-06-15,S003,P001,2,68
O00960,2026-06-16,S003,P001,1,68
O00961,2026-06-17,S003,P001,6,68
O00962,2026-06-18,S003,P001,6,68
O00963,2026-06-19,S003,P001,2,68
O00964,2026-06-20,S003,P001,8,68
O00965,2026-06-21,S003,P001,6,68
O00966,2026-06-22,S003,P001,7,68
O00967,2026-06-23,S003,P001,4,68
O00968,2026-06-24,S003,P001,8,68
O00969,2026-06-25,S003,P001,8,68
O00970,2026-06-27,S003,P001,4,68
O00971,2026-06-28,S003,P001,4,68
O00972,2026-06-29,S003,P001,7,68
O00973,2026-06-30,S003,P001,1,68
O00974,2026-06-01,S003,P002,4,45
O00975,2026-06-03,S003,P002,4,45
O00976,2026-06-04,S003,P002,2,45
O00977,2026-06-05,S003,P002,6,45
O00978,2026-06-06,S003,P002,8,45
O00979,2026-06-07,S003,P002,1,45
O00980,2026-06-10,S003,P002,2,45
O00981,2026-06-11,S003,P002,7,45
O00982,2026-06-12,S003,P002,4,45
O00983,2026-06-13,S003,P002,4,45
O00984,2026-06-14,S003,P002,3,45
O00985,2026-06-15,S003,P002,6,45
O00986,2026-06-16,S003,P002,6,45
O00987,2026-06-17,S003,P002,4,45
O00988,2026-06-18,S003,P002,6,45
O00989,2026-06-19,S003,P002,8,45
O00990,2026-06-20,S003,P002,7,45
O00991,2026-06-21,S003,P002,4,45
O00992,2026-06-22,S003,P002,8,45
O00993,2026-06-23,S003,P002,3,45
O00994,2026-06-24,S003,P002,3,45
O00995,2026-06-26,S003,P002,6,45
O00996,2026-06-27,S003,P002,7,45
O00997,2026-06-28,S003,P002,6,45
O00998,2026-06-29,S003,P002,7,45
O00999,2026-06-30,S003,P002,1,45
O01000,2026-06-02,S003,P003,4,40
O01001,2026-06-03,S003,P003,5,40
O01002,2026-06-05,S003,P003,4,40
O01003,2026-06-06,S003,P003,1,40
O01004,2026-06-07,S003,P003,2,40
O01005,2026-06-08,S003,P003,6,40
O01006,2026-06-09,S003,P003,2,40
O01007,2026-06-10,S003,P003,1,40
O01008,2026-06-11,S003,P003,4,40
O01009,2026-06-12,S003,P003,2,40
O01010,2026-06-13,S003,P003,7,40
O01011,2026-06-14,S003,P003,4,40
O01012,2026-06-15,S003,P003,3,40
O01013,2026-06-16,S003,P003,6,40
O01014,2026-06-17,S003,P003,7,40
O01015,2026-06-18,S003,P003,1,40
O01016,2026-06-19,S003,P003,6,40
O01017,2026-06-20,S003,P003,8,40
O01018,2026-06-22,S003,P003,5,40
O01019,2026-06-23,S003,P003,1,40
O01020,2026-06-24,S003,P003,2,40
O01021,2026-06-25,S003,P003,5,40
O01022,2026-06-26,S003,P003,6,40
O01023,2026-06-27,S003,P003,6,40
O01024,2026-06-28,S003,P003,2,40
O01025,2026-06-29,S003,P003,6,40
O01026,2026-06-30,S003,P003,5,40
O01027,2026-06-01,S003,P004,2,55
O01028,2026-06-02,S003,P004,7,55
O01029,2026-06-03,S003,P004,5,55
O01030,2026-06-04,S003,P004,1,55
O01031,2026-06-05,S003,P004,1,55
O01032,2026-06-06,S003,P004,7,55
O01033,2026-06-07,S003,P004,3,55
O01034,2026-06-09,S003,P004,4,55
O01035,2026-06-10,S003,P004,5,55
O01036,2026-06-11,S003,P004,4,55
O01037,2026-06-12,S003,P004,5,55
O01038,2026-06-13,S003,P004,1,55
O01039,2026-06-14,S003,P004,5,55
O01040,2026-06-15,S003,P004,5,55
O01041,2026-06-16,S003,P004,7,55
O01042,2026-06-17,S003,P004,8,55
O01043,2026-06-19,S003,P004,1,55
O01044,2026-06-20,S003,P004,7,55
O01045,2026-06-21,S003,P004,5,55
O01046,2026-06-22,S003,P004,1,55
O01047,2026-06-23,S003,P004,3,55
O01048,2026-06-24,S003,P004,8,55
O01049,2026-06-25,S003,P004,2,55
O01050,2026-06-27,S003,P004,4,55
O01051,2026-06-28,S003,P004,6,55
O01052,2026-06-29,S003,P004,7,55
O01053,2026-06-30,S003,P004,3,55
O01054,2026-06-02,S003,P005,4,20
O01055,2026-06-03,S003,P005,3,20
O01056,2026-06-04,S003,P005,5,20
O01057,2026-06-05,S003,P005,1,20
O01058,2026-06-06,S003,P005,5,20
O01059,2026-06-07,S003,P005,6,20
O01060,2026-06-08,S003,P005,5,20
O01061,2026-06-09,S003,P005,7,20
O01062,2026-06-10,S003,P005,2,20
O01063,2026-06-11,S003,P005,2,20
O01064,2026-06-12,S003,P005,8,20
O01065,2026-06-13,S003,P005,1,20
O01066,2026-06-14,S003,P005,4,20
O01067,2026-06-15,S003,P005,2,20
O01068,2026-06-16,S003,P005,5,20
O01069,2026-06-17,S003,P005,5,20
O01070,2026-06-18,S003,P005,6,20
O01071,2026-06-19,S003,P005,3,20
O01072,2026-06-20,S003,P005,6,20
O01073,2026-06-21,S003,P005,2,20
O01074,2026-06-22,S003,P005,8,20
O01075,2026-06-23,S003,P005,4,20
O01076,2026-06-24,S003,P005,4,20
O01077,2026-06-25,S003,P005,8,20
O01078,2026-06-26,S003,P005,8,20
O01079,2026-06-27,S003,P005,6,20
O01080,2026-06-28,S003,P005,8,20
O01081,2026-06-29,S003,P005,5,20
O01082,2026-06-30,S003,P005,4,20
O01083,2026-06-01,S003,P006,1,20
O01084,2026-06-02,S003,P006,2,20
O01085,2026-06-03,S003,P006,2,20
O01086,2026-06-04,S003,P006,8,20
O01087,2026-06-05,S003,P006,5,20
O01088,2026-06-06,S003,P006,2,20
O01089,2026-06-07,S003,P006,5,20
O01090,2026-06-08,S003,P006,4,20
O01091,2026-06-09,S003,P006,6,20
O01092,2026-06-10,S003,P006,6,20
O01093,2026-06-11,S003,P006,4,20
O01094,2026-06-12,S003,P006,1,20
O01095,2026-06-13,S003,P006,5,20
O01096,2026-06-14,S003,P006,5,20
O01097,2026-06-15,S003,P006,6,20
O01098,2026-06-16,S003,P006,6,20
O01099,2026-06-17,S003,P006,2,20
O01100,2026-06-18,S003,P006,1,20
O01101,2026-06-19,S003,P006,3,20
O01102,2026-06-20,S003,P006,3,20
O01103,2026-06-21,S003,P006,5,20
O01104,2026-06-22,S003,P006,4,20
O01105,2026-06-24,S003,P006,1,20
O01106,2026-06-25,S003,P006,1,20
O01107,2026-06-26,S003,P006,3,20
O01108,2026-06-27,S003,P006,8,20
O01109,2026-06-28,S003,P006,1,20
O01110,2026-06-29,S003,P006,8,20
O01111,2026-06-30,S003,P006,2,20
O01112,2026-06-01,S003,P007,6,15
O01113,2026-06-03,S003,P007,2,15
O01114,2026-06-04,S003,P007,6,15
O01115,2026-06-05,S003,P007,3,15
O01116,2026-06-06,S003,P007,5,15
O01117,2026-06-07,S003,P007,7,15
O01118,2026-06-08,S003,P007,5,15
O01119,2026-06-09,S003,P007,3,15
O01120,2026-06-10,S003,P007,1,15
O01121,2026-06-12,S003,P007,5,15
O01122,2026-06-13,S003,P007,4,15
O01123,2026-06-15,S003,P007,3,15
O01124,2026-06-16,S003,P007,6,15
O01125,2026-06-17,S003,P007,8,15
O01126,2026-06-18,S003,P007,3,15
O01127,2026-06-19,S003,P007,6,15
O01128,2026-06-20,S003,P007,5,15
O01129,2026-06-21,S003,P007,7,15
O01130,2026-06-22,S003,P007,1,15
O01131,2026-06-23,S003,P007,1,15
O01132,2026-06-24,S003,P007,2,15
O01133,2026-06-25,S003,P007,5,15
O01134,2026-06-26,S003,P007,6,15
O01135,2026-06-27,S003,P007,4,15
O01136,2026-06-28,S003,P007,1,15
O01137,2026-06-29,S003,P007,6,15
O01138,2026-06-30,S003,P007,1,15
O01139,2026-06-01,S003,P008,6,15
O01140,2026-06-02,S003,P008,1,15
O01141,2026-06-03,S003,P008,4,15
O01142,2026-06-04,S003,P008,6,15
O01143,2026-06-05,S003,P008,1,15
O01144,2026-06-06,S003,P008,4,15
O01145,2026-06-07,S003,P008,7,15
O01146,2026-06-08,S003,P008,8,15
O01147,2026-06-09,S003,P008,5,15
O01148,2026-06-10,S003,P008,6,15
O01149,2026-06-12,S003,P008,2,15
O01150,2026-06-13,S003,P008,8,15
O01151,2026-06-14,S003,P008,4,15
O01152,2026-06-15,S003,P008,3,15
O01153,2026-06-16,S003,P008,3,15
O01154,2026-06-17,S003,P008,6,15
O01155,2026-06-19,S003,P008,7,15
O01156,2026-06-20,S003,P008,8,15
O01157,2026-06-21,S003,P008,1,15
O01158,2026-06-22,S003,P008,2,15
O01159,2026-06-23,S003,P008,3,15
O01160,2026-06-24,S003,P008,8,15
O01161,2026-06-26,S003,P008,6,15
O01162,2026-06-27,S003,P008,5,15
O01163,2026-06-28,S003,P008,2,15
O01164,2026-06-01,S003,P009,3,40
O01165,2026-06-02,S003,P009,1,40
O01166,2026-06-03,S003,P009,6,40
O01167,2026-06-04,S003,P009,7,40
O01168,2026-06-05,S003,P009,8,40
O01169,2026-06-06,S003,P009,7,40
O01170,2026-06-07,S003,P009,4,40
O01171,2026-06-08,S003,P009,7,40
O01172,2026-06-09,S003,P009,4,40
O01173,2026-06-10,S003,P009,3,40
O01174,2026-06-11,S003,P009,5,40
O01175,2026-06-12,S003,P009,1,40
O01176,2026-06-13,S003,P009,2,40
O01177,2026-06-14,S003,P009,2,40
O01178,2026-06-15,S003,P009,7,40
O01179,2026-06-16,S003,P009,5,40
O01180,2026-06-18,S003,P009,3,40
O01181,2026-06-19,S003,P009,7,40
O01182,2026-06-20,S003,P009,2,40
O01183,2026-06-21,S003,P009,6,40
O01184,2026-06-24,S003,P009,1,40
O01185,2026-06-25,S003,P009,3,40
O01186,2026-06-26,S003,P009,5,40
O01187,2026-06-28,S003,P009,1,40
O01188,2026-06-29,S003,P009,7,40
O01189,2026-06-30,S003,P009,3,40
O01190,2026-06-01,S003,P010,7,40
O01191,2026-06-02,S003,P010,4,40
O01192,2026-06-03,S003,P010,1,40
O01193,2026-06-05,S003,P010,1,40
O01194,2026-06-06,S003,P010,1,40
O01195,2026-06-07,S003,P010,2,40
O01196,2026-06-08,S003,P010,1,40
O01197,2026-06-09,S003,P010,8,40
O01198,2026-06-10,S003,P010,8,40
O01199,2026-06-11,S003,P010,1,40
O01200,2026-06-12,S003,P010,2,40
O01201,2026-06-13,S003,P010,7,40
O01202,2026-06-14,S003,P010,1,40
O01203,2026-06-15,S003,P010,7,40
O01204,2026-06-16,S003,P010,4,40
O01205,2026-06-17,S003,P010,1,40
O01206,2026-06-18,S003,P010,8,40
O01207,2026-06-19,S003,P010,1,40
O01208,2026-06-20,S003,P010,2,40
O01209,2026-06-21,S003,P010,3,40
O01210,2026-06-22,S003,P010,8,40
O01211,2026-06-23,S003,P010,5,40
O01212,2026-06-25,S003,P010,6,40
O01213,2026-06-26,S003,P010,4,40
O01214,2026-06-27,S003,P010,7,40
O01215,2026-06-28,S003,P010,7,40
O01216,2026-06-29,S003,P010,3,40
O01217,2026-06-30,S003,P010,1,40
O01218,2026-06-01,S003,P011,3,125
O01219,2026-06-02,S003,P011,7,125
O01220,2026-06-04,S003,P011,5,125
O01221,2026-06-05,S003,P011,3,125
O01222,2026-06-06,S003,P011,7,125
O01223,2026-06-07,S003,P011,7,125
O01224,2026-06-09,S003,P011,6,125
O01225,2026-06-10,S003,P011,5,125
O01226,2026-06-12,S003,P011,4,125
O01227,2026-06-14,S003,P011,8,125
O01228,2026-06-15,S003,P011,7,125
O01229,2026-06-16,S003,P011,3,125
O01230,2026-06-17,S003,P011,2,125
O01231,2026-06-18,S003,P011,2,125
O01232,2026-06-19,S003,P011,3,125
O01233,2026-06-21,S003,P011,6,125
O01234,2026-06-22,S003,P011,2,125
O01235,2026-06-24,S003,P011,3,125
O01236,2026-06-25,S003,P011,7,125
O01237,2026-06-26,S003,P011,1,125
O01238,2026-06-27,S003,P011,7,125
O01239,2026-06-28,S003,P011,2,125
O01240,2026-06-29,S003,P011,3,125
O01241,2026-06-30,S003,P011,7,125
O01242,2026-06-01,S003,P012,2,28
O01243,2026-06-02,S003,P012,1,28
O01244,2026-06-03,S003,P012,1,28
O01245,2026-06-04,S003,P012,1,28
O01246,2026-06-05,S003,P012,2,28
O01247,2026-06-06,S003,P012,2,28
O01248,2026-06-07,S003,P012,2,28
O01249,2026-06-09,S003,P012,2,28
O01250,2026-06-12,S003,P012,2,28
O01251,2026-06-13,S003,P012,2,28
O01252,2026-06-14,S003,P012,2,28
O01253,2026-06-15,S003,P012,2,28
O01254,2026-06-17,S003,P012,1,28
O01255,2026-06-18,S003,P012,2,28
O01256,2026-06-19,S003,P012,3,28
O01257,2026-06-20,S003,P012,1,28
O01258,2026-06-21,S003,P012,2,28
O01259,2026-06-22,S003,P012,3,28
O01260,2026-06-23,S003,P012,3,28
O01261,2026-06-24,S003,P012,3,28
O01262,2026-06-25,S003,P012,3,28
O01263,2026-06-27,S003,P012,1,28
O01264,2026-06-30,S003,P012,3,28
O01265,2026-06-01,S003,P013,2,260
O01266,2026-06-02,S003,P013,1,260
O01267,2026-06-03,S003,P013,3,260
O01268,2026-06-07,S003,P013,1,260
O01269,2026-06-08,S003,P013,2,260
O01270,2026-06-10,S003,P013,1,260
O01271,2026-06-11,S003,P013,2,260
O01272,2026-06-14,S003,P013,3,260
O01273,2026-06-15,S003,P013,2,260
O01274,2026-06-16,S003,P013,1,260
O01275,2026-06-17,S003,P013,1,260
O01276,2026-06-19,S003,P013,2,260
O01277,2026-06-20,S003,P013,2,260
O01278,2026-06-21,S003,P013,3,260
O01279,2026-06-22,S003,P013,2,260
O01280,2026-06-24,S003,P013,3,260
O01281,2026-06-25,S003,P013,2,260
O01282,2026-06-29,S003,P013,3,260
O01283,2026-06-30,S003,P013,1,260
O01284,2026-06-04,S003,P014,3,160
O01285,2026-06-05,S003,P014,2,160
O01286,2026-06-07,S003,P014,2,160
O01287,2026-06-08,S003,P014,1,160
O01288,2026-06-10,S003,P014,2,160
O01289,2026-06-12,S003,P014,2,160
O01290,2026-06-13,S003,P014,1,160
O01291,2026-06-14,S003,P014,2,160
O01292,2026-06-15,S003,P014,2,160
O01293,2026-06-16,S003,P014,2,160
O01294,2026-06-17,S003,P014,1,160
O01295,2026-06-18,S003,P014,1,160
O01296,2026-06-19,S003,P014,3,160
O01297,2026-06-20,S003,P014,3,160
O01298,2026-06-21,S003,P014,3,160
O01299,2026-06-22,S003,P014,3,160
O01300,2026-06-25,S003,P014,3,160
O01301,2026-06-27,S003,P014,2,160
O01302,2026-06-28,S003,P014,3,160
O01303,2026-06-29,S003,P014,3,160
O01304,2026-06-30,S003,P014,3,160
O01305,2026-06-04,S003,P015,1,165
O01306,2026-06-08,S003,P015,1,165
O01307,2026-06-17,S003,P015,1,165
O01308,2026-06-18,S003,P015,1,165
O01309,2026-06-19,S003,P015,1,165
O01310,2026-06-25,S003,P015,1,165
O01311,2026-06-26,S003,P015,1,165
O01312,2026-06-01,S003,P016,3,120
O01313,2026-06-02,S003,P016,2,120
O01314,2026-06-04,S003,P016,3,120
O01315,2026-06-05,S003,P016,3,120
O01316,2026-06-06,S003,P016,2,120
O01317,2026-06-07,S003,P016,1,120
O01318,2026-06-08,S003,P016,1,120
O01319,2026-06-10,S003,P016,1,120
O01320,2026-06-12,S003,P016,1,120
O01321,2026-06-13,S003,P016,3,120
O01322,2026-06-15,S003,P016,2,120
O01323,2026-06-16,S003,P016,1,120
O01324,2026-06-17,S003,P016,1,120
O01325,2026-06-18,S003,P016,1,120
O01326,2026-06-20,S003,P016,1,120
O01327,2026-06-22,S003,P016,1,120
O01328,2026-06-25,S003,P016,1,120
O01329,2026-06-26,S003,P016,2,120
O01330,2026-06-27,S003,P016,1,120
O01331,2026-06-28,S003,P016,3,120
O01332,2026-06-29,S003,P016,1,120
O01333,2026-06-30,S003,P016,3,120
O01334,2026-06-01,S003,P017,3,95
O01335,2026-06-02,S003,P017,2,95
O01336,2026-06-04,S003,P017,2,95
O01337,2026-06-05,S003,P017,2,95
O01338,2026-06-08,S003,P017,1,95
O01339,2026-06-09,S003,P017,1,95
O01340,2026-06-10,S003,P017,1,95
O01341,2026-06-11,S003,P017,3,95
O01342,2026-06-12,S003,P017,3,95
O01343,2026-06-13,S003,P017,1,95
O01344,2026-06-15,S003,P017,2,95
O01345,2026-06-17,S003,P017,3,95
O01346,2026-06-18,S003,P017,2,95
O01347,2026-06-19,S003,P017,3,95
O01348,2026-06-20,S003,P017,3,95
O01349,2026-06-21,S003,P017,1,95
O01350,2026-06-22,S003,P017,3,95
O01351,2026-06-23,S003,P017,1,95
O01352,2026-06-24,S003,P017,2,95
O01353,2026-06-25,S003,P017,1,95
O01354,2026-06-26,S003,P017,2,95
O01355,2026-06-27,S003,P017,2,95
O01356,2026-06-29,S003,P017,2,95
O01357,2026-06-30,S003,P017,2,95
O01358,2026-06-01,S003,P018,1,99
O01359,2026-06-05,S003,P018,1,99
O01360,2026-06-07,S003,P018,3,99
O01361,2026-06-08,S003,P018,3,99
O01362,2026-06-09,S003,P018,1,99
O01363,2026-06-11,S003,P018,2,99
O01364,2026-06-12,S003,P018,2,99
O01365,2026-06-13,S003,P018,3,99
O01366,2026-06-14,S003,P018,2,99
O01367,2026-06-15,S003,P018,3,99
O01368,2026-06-16,S003,P018,1,99
O01369,2026-06-17,S003,P018,1,99
O01370,2026-06-18,S003,P018,3,99
O01371,2026-06-19,S003,P018,2,99
O01372,2026-06-21,S003,P018,3,99
O01373,2026-06-22,S003,P018,3,99
O01374,2026-06-23,S003,P018,3,99
O01375,2026-06-25,S003,P018,2,99
O01376,2026-06-26,S003,P018,3,99
O01377,2026-06-27,S003,P018,2,99
O01378,2026-06-28,S003,P018,3,99
O01379,2026-06-29,S003,P018,2,99
O01380,2026-06-30,S003,P018,3,99
O01381,2026-06-02,S003,P019,1,105
O01382,2026-06-05,S003,P019,1,105
O01383,2026-06-07,S003,P019,1,105
O01384,2026-06-12,S003,P019,1,105
O01385,2026-06-23,S003,P019,1,105
O01386,2026-06-26,S003,P019,1,105
O01387,2026-06-01,S003,P020,1,35
O01388,2026-06-02,S003,P020,3,35
O01389,2026-06-03,S003,P020,3,35
O01390,2026-06-04,S003,P020,3,35
O01391,2026-06-05,S003,P020,1,35
O01392,2026-06-06,S003,P020,2,35
O01393,2026-06-07,S003,P020,3,35
O01394,2026-06-08,S003,P020,3,35
O01395,2026-06-11,S003,P020,1,35
O01396,2026-06-13,S003,P020,1,35
O01397,2026-06-14,S003,P020,2,35
O01398,2026-06-15,S003,P020,3,35
O01399,2026-06-16,S003,P020,3,35
O01400,2026-06-17,S003,P020,1,35
O01401,2026-06-18,S003,P020,1,35
O01402,2026-06-19,S003,P020,3,35
O01403,2026-06-21,S003,P020,1,35
O01404,2026-06-22,S003,P020,1,35
O01405,2026-06-23,S003,P020,1,35
O01406,2026-06-25,S003,P020,1,35
O01407,2026-06-26,S003,P020,1,35
O01408,2026-06-28,S003,P020,2,35
O01409,2026-06-29,S003,P020,3,35
O01410,2026-06-01,S004,P001,7,68
O01411,2026-06-02,S004,P001,8,68
O01412,2026-06-03,S004,P001,7,68
O01413,2026-06-04,S004,P001,5,68
O01414,2026-06-05,S004,P001,1,68
O01415,2026-06-06,S004,P001,8,68
O01416,2026-06-08,S004,P001,1,68
O01417,2026-06-09,S004,P001,8,68
O01418,2026-06-10,S004,P001,2,68
O01419,2026-06-11,S004,P001,2,68
O01420,2026-06-12,S004,P001,2,68
O01421,2026-06-13,S004,P001,8,68
O01422,2026-06-14,S004,P001,8,68
O01423,2026-06-15,S004,P001,7,68
O01424,2026-06-16,S004,P001,2,68
O01425,2026-06-17,S004,P001,6,68
O01426,2026-06-19,S004,P001,5,68
O01427,2026-06-20,S004,P001,6,68
O01428,2026-06-21,S004,P001,6,68
O01429,2026-06-22,S004,P001,3,68
O01430,2026-06-23,S004,P001,8,68
O01431,2026-06-24,S004,P001,1,68
O01432,2026-06-25,S004,P001,2,68
O01433,2026-06-26,S004,P001,2,68
O01434,2026-06-27,S004,P001,7,68
O01435,2026-06-28,S004,P001,6,68
O01436,2026-06-29,S004,P001,1,68
O01437,2026-06-30,S004,P001,4,68
O01438,2026-06-01,S004,P002,7,45
O01439,2026-06-02,S004,P002,8,45
O01440,2026-06-04,S004,P002,6,45
O01441,2026-06-05,S004,P002,6,45
O01442,2026-06-06,S004,P002,3,45
O01443,2026-06-07,S004,P002,5,45
O01444,2026-06-08,S004,P002,4,45
O01445,2026-06-09,S004,P002,4,45
O01446,2026-06-10,S004,P002,2,45
O01447,2026-06-11,S004,P002,1,45
O01448,2026-06-12,S004,P002,5,45
O01449,2026-06-13,S004,P002,6,45
O01450,2026-06-16,S004,P002,3,45
O01451,2026-06-17,S004,P002,8,45
O01452,2026-06-18,S004,P002,5,45
O01453,2026-06-19,S004,P002,6,45
O01454,2026-06-20,S004,P002,1,45
O01455,2026-06-21,S004,P002,1,45
O01456,2026-06-22,S004,P002,3,45
O01457,2026-06-23,S004,P002,5,45
O01458,2026-06-24,S004,P002,1,45
O01459,2026-06-25,S004,P002,7,45
O01460,2026-06-26,S004,P002,3,45
O01461,2026-06-27,S004,P002,6,45
O01462,2026-06-29,S004,P002,4,45
O01463,2026-06-30,S004,P002,6,45
O01464,2026-06-01,S004,P003,6,40
O01465,2026-06-02,S004,P003,3,40
O01466,2026-06-03,S004,P003,1,40
O01467,2026-06-04,S004,P003,7,40
O01468,2026-06-06,S004,P003,6,40
O01469,2026-06-07,S004,P003,3,40
O01470,2026-06-08,S004,P003,2,40
O01471,2026-06-09,S004,P003,6,40
O01472,2026-06-10,S004,P003,6,40
O01473,2026-06-11,S004,P003,5,40
O01474,2026-06-12,S004,P003,6,40
O01475,2026-06-15,S004,P003,1,40
O01476,2026-06-17,S004,P003,6,40
O01477,2026-06-19,S004,P003,3,40
O01478,2026-06-20,S004,P003,7,40
O01479,2026-06-21,S004,P003,8,40
O01480,2026-06-22,S004,P003,5,40
O01481,2026-06-23,S004,P003,7,40
O01482,2026-06-24,S004,P003,7,40
O01483,2026-06-25,S004,P003,8,40
O01484,2026-06-26,S004,P003,4,40
O01485,2026-06-27,S004,P003,8,40
O01486,2026-06-28,S004,P003,5,40
O01487,2026-06-30,S004,P003,7,40
O01488,2026-06-01,S004,P004,2,55
O01489,2026-06-02,S004,P004,5,55
O01490,2026-06-03,S004,P004,3,55
O01491,2026-06-04,S004,P004,4,55
O01492,2026-06-05,S004,P004,7,55
O01493,2026-06-07,S004,P004,3,55
O01494,2026-06-08,S004,P004,6,55
O01495,2026-06-09,S004,P004,3,55
O01496,2026-06-10,S004,P004,1,55
O01497,2026-06-13,S004,P004,5,55
O01498,2026-06-14,S004,P004,6,55
O01499,2026-06-15,S004,P004,7,55
O01500,2026-06-16,S004,P004,2,55
O01501,2026-06-17,S004,P004,6,55
O01502,2026-06-18,S004,P004,2,55
O01503,2026-06-19,S004,P004,4,55
O01504,2026-06-20,S004,P004,2,55
O01505,2026-06-21,S004,P004,5,55
O01506,2026-06-23,S004,P004,2,55
O01507,2026-06-24,S004,P004,1,55
O01508,2026-06-25,S004,P004,1,55
O01509,2026-06-26,S004,P004,7,55
O01510,2026-06-27,S004,P004,1,55
O01511,2026-06-28,S004,P004,7,55
O01512,2026-06-29,S004,P004,2,55
O01513,2026-06-30,S004,P004,6,55
O01514,2026-06-02,S004,P005,2,20
O01515,2026-06-03,S004,P005,1,20
O01516,2026-06-04,S004,P005,5,20
O01517,2026-06-05,S004,P005,1,20
O01518,2026-06-06,S004,P005,5,20
O01519,2026-06-07,S004,P005,8,20
O01520,2026-06-08,S004,P005,6,20
O01521,2026-06-09,S004,P005,7,20
O01522,2026-06-10,S004,P005,8,20
O01523,2026-06-11,S004,P005,7,20
O01524,2026-06-13,S004,P005,3,20
O01525,2026-06-14,S004,P005,1,20
O01526,2026-06-15,S004,P005,8,20
O01527,2026-06-16,S004,P005,5,20
O01528,2026-06-17,S004,P005,6,20
O01529,2026-06-18,S004,P005,7,20
O01530,2026-06-19,S004,P005,1,20
O01531,2026-06-20,S004,P005,1,20
O01532,2026-06-21,S004,P005,8,20
O01533,2026-06-22,S004,P005,2,20
O01534,2026-06-23,S004,P005,3,20
O01535,2026-06-24,S004,P005,2,20
O01536,2026-06-25,S004,P005,2,20
O01537,2026-06-26,S004,P005,4,20
O01538,2026-06-27,S004,P005,3,20
O01539,2026-06-28,S004,P005,4,20
O01540,2026-06-29,S004,P005,4,20
O01541,2026-06-30,S004,P005,5,20
O01542,2026-06-01,S004,P006,7,20
O01543,2026-06-02,S004,P006,1,20
O01544,2026-06-03,S004,P006,5,20
O01545,2026-06-04,S004,P006,4,20
O01546,2026-06-05,S004,P006,3,20
O01547,2026-06-06,S004,P006,3,20
O01548,2026-06-07,S004,P006,2,20
O01549,2026-06-08,S004,P006,5,20
O01550,2026-06-09,S004,P006,2,20
O01551,2026-06-10,S004,P006,5,20
O01552,2026-06-13,S004,P006,2,20
O01553,2026-06-14,S004,P006,7,20
O01554,2026-06-15,S004,P006,4,20
O01555,2026-06-16,S004,P006,7,20
O01556,2026-06-17,S004,P006,7,20
O01557,2026-06-18,S004,P006,5,20
O01558,2026-06-19,S004,P006,6,20
O01559,2026-06-20,S004,P006,4,20
O01560,2026-06-21,S004,P006,6,20
O01561,2026-06-22,S004,P006,5,20
O01562,2026-06-23,S004,P006,3,20
O01563,2026-06-24,S004,P006,6,20
O01564,2026-06-25,S004,P006,3,20
O01565,2026-06-26,S004,P006,5,20
O01566,2026-06-27,S004,P006,8,20
O01567,2026-06-28,S004,P006,3,20
O01568,2026-06-29,S004,P006,3,20
O01569,2026-06-30,S004,P006,6,20
O01570,2026-06-01,S004,P007,2,15
O01571,2026-06-02,S004,P007,2,15
O01572,2026-06-03,S004,P007,3,15
O01573,2026-06-04,S004,P007,2,15
O01574,2026-06-06,S004,P007,3,15
O01575,2026-06-07,S004,P007,2,15
O01576,2026-06-08,S004,P007,2,15
O01577,2026-06-09,S004,P007,7,15
O01578,2026-06-10,S004,P007,4,15
O01579,2026-06-11,S004,P007,8,15
O01580,2026-06-12,S004,P007,4,15
O01581,2026-06-13,S004,P007,7,15
O01582,2026-06-15,S004,P007,6,15
O01583,2026-06-16,S004,P007,6,15
O01584,2026-06-17,S004,P007,7,15
O01585,2026-06-18,S004,P007,5,15
O01586,2026-06-19,S004,P007,1,15
O01587,2026-06-20,S004,P007,6,15
O01588,2026-06-21,S004,P007,3,15
O01589,2026-06-22,S004,P007,5,15
O01590,2026-06-23,S004,P007,8,15
O01591,2026-06-24,S004,P007,5,15
O01592,2026-06-25,S004,P007,3,15
O01593,2026-06-26,S004,P007,7,15
O01594,2026-06-28,S004,P007,8,15
O01595,2026-06-29,S004,P007,6,15
O01596,2026-06-30,S004,P007,6,15
O01597,2026-06-01,S004,P008,4,15
O01598,2026-06-02,S004,P008,2,15
O01599,2026-06-03,S004,P008,7,15
O01600,2026-06-04,S004,P008,3,15
O01601,2026-06-05,S004,P008,6,15
O01602,2026-06-06,S004,P008,6,15
O01603,2026-06-07,S004,P008,7,15
O01604,2026-06-08,S004,P008,8,15
O01605,2026-06-10,S004,P008,4,15
O01606,2026-06-11,S004,P008,2,15
O01607,2026-06-12,S004,P008,8,15
O01608,2026-06-13,S004,P008,7,15
O01609,2026-06-14,S004,P008,1,15
O01610,2026-06-15,S004,P008,5,15
O01611,2026-06-16,S004,P008,1,15
O01612,2026-06-17,S004,P008,3,15
O01613,2026-06-18,S004,P008,7,15
O01614,2026-06-19,S004,P008,3,15
O01615,2026-06-21,S004,P008,7,15
O01616,2026-06-22,S004,P008,7,15
O01617,2026-06-23,S004,P008,8,15
O01618,2026-06-24,S004,P008,1,15
O01619,2026-06-25,S004,P008,3,15
O01620,2026-06-26,S004,P008,8,15
O01621,2026-06-27,S004,P008,8,15
O01622,2026-06-28,S004,P008,4,15
O01623,2026-06-29,S004,P008,5,15
O01624,2026-06-30,S004,P008,7,15
O01625,2026-06-01,S004,P009,2,40
O01626,2026-06-02,S004,P009,2,40
O01627,2026-06-03,S004,P009,7,40
O01628,2026-06-04,S004,P009,6,40
O01629,2026-06-05,S004,P009,2,40
O01630,2026-06-06,S004,P009,2,40
O01631,2026-06-07,S004,P009,3,40
O01632,2026-06-08,S004,P009,7,40
O01633,2026-06-09,S004,P009,1,40
O01634,2026-06-10,S004,P009,5,40
O01635,2026-06-11,S004,P009,3,40
O01636,2026-06-12,S004,P009,6,40
O01637,2026-06-13,S004,P009,5,40
O01638,2026-06-14,S004,P009,4,40
O01639,2026-06-15,S004,P009,5,40
O01640,2026-06-16,S004,P009,7,40
O01641,2026-06-17,S004,P009,8,40
O01642,2026-06-18,S004,P009,1,40
O01643,2026-06-19,S004,P009,1,40
O01644,2026-06-20,S004,P009,3,40
O01645,2026-06-21,S004,P009,1,40
O01646,2026-06-22,S004,P009,3,40
O01647,2026-06-24,S004,P009,1,40
O01648,2026-06-25,S004,P009,2,40
O01649,2026-06-26,S004,P009,5,40
O01650,2026-06-27,S004,P009,4,40
O01651,2026-06-28,S004,P009,6,40
O01652,2026-06-29,S004,P009,6,40
O01653,2026-06-30,S004,P009,7,40
O01654,2026-06-01,S004,P010,5,40
O01655,2026-06-02,S004,P010,5,40
O01656,2026-06-03,S004,P010,7,40
O01657,2026-06-04,S004,P010,8,40
O01658,2026-06-05,S004,P010,2,40
O01659,2026-06-06,S004,P010,6,40
O01660,2026-06-07,S004,P010,5,40
O01661,2026-06-08,S004,P010,5,40
O01662,2026-06-09,S004,P010,3,40
O01663,2026-06-10,S004,P010,1,40
O01664,2026-06-12,S004,P010,1,40
O01665,2026-06-13,S004,P010,4,40
O01666,2026-06-14,S004,P010,3,40
O01667,2026-06-15,S004,P010,7,40
O01668,2026-06-16,S004,P010,3,40
O01669,2026-06-17,S004,P010,4,40
O01670,2026-06-18,S004,P010,5,40
O01671,2026-06-20,S004,P010,4,40
O01672,2026-06-21,S004,P010,8,40
O01673,2026-06-22,S004,P010,8,40
O01674,2026-06-23,S004,P010,4,40
O01675,2026-06-24,S004,P010,6,40
O01676,2026-06-25,S004,P010,5,40
O01677,2026-06-26,S004,P010,2,40
O01678,2026-06-27,S004,P010,7,40
O01679,2026-06-28,S004,P010,7,40
O01680,2026-06-29,S004,P010,6,40
O01681,2026-06-30,S004,P010,1,40
O01682,2026-06-01,S004,P011,5,125
O01683,2026-06-03,S004,P011,2,125
O01684,2026-06-04,S004,P011,3,125
O01685,2026-06-05,S004,P011,3,125
O01686,2026-06-06,S004,P011,8,125
O01687,2026-06-07,S004,P011,1,125
O01688,2026-06-08,S004,P011,1,125
O01689,2026-06-09,S004,P011,1,125
O01690,2026-06-10,S004,P011,2,125
O01691,2026-06-11,S004,P011,8,125
O01692,2026-06-12,S004,P011,5,125
O01693,2026-06-13,S004,P011,4,125
O01694,2026-06-14,S004,P011,6,125
O01695,2026-06-15,S004,P011,7,125
O01696,2026-06-16,S004,P011,2,125
O01697,2026-06-17,S004,P011,6,125
O01698,2026-06-18,S004,P011,6,125
O01699,2026-06-19,S004,P011,8,125
O01700,2026-06-20,S004,P011,4,125
O01701,2026-06-21,S004,P011,2,125
O01702,2026-06-22,S004,P011,2,125
O01703,2026-06-23,S004,P011,7,125
O01704,2026-06-24,S004,P011,1,125
O01705,2026-06-25,S004,P011,5,125
O01706,2026-06-26,S004,P011,4,125
O01707,2026-06-27,S004,P011,4,125
O01708,2026-06-28,S004,P011,4,125
O01709,2026-06-29,S004,P011,3,125
O01710,2026-06-30,S004,P011,3,125
O01711,2026-06-01,S004,P012,1,28
O01712,2026-06-02,S004,P012,3,28
O01713,2026-06-03,S004,P012,3,28
O01714,2026-06-04,S004,P012,3,28
O01715,2026-06-08,S004,P012,3,28
O01716,2026-06-11,S004,P012,2,28
O01717,2026-06-13,S004,P012,1,28
O01718,2026-06-14,S004,P012,1,28
O01719,2026-06-15,S004,P012,1,28
O01720,2026-06-18,S004,P012,3,28
O01721,2026-06-19,S004,P012,1,28
O01722,2026-06-20,S004,P012,2,28
O01723,2026-06-21,S004,P012,2,28
O01724,2026-06-22,S004,P012,2,28
O01725,2026-06-23,S004,P012,3,28
O01726,2026-06-24,S004,P012,1,28
O01727,2026-06-25,S004,P012,2,28
O01728,2026-06-26,S004,P012,1,28
O01729,2026-06-28,S004,P012,1,28
O01730,2026-06-29,S004,P012,1,28
O01731,2026-06-01,S004,P013,1,260
O01732,2026-06-04,S004,P013,3,260
O01733,2026-06-06,S004,P013,1,260
O01734,2026-06-07,S004,P013,3,260
O01735,2026-06-08,S004,P013,3,260
O01736,2026-06-11,S004,P013,1,260
O01737,2026-06-12,S004,P013,2,260
O01738,2026-06-13,S004,P013,2,260
O01739,2026-06-14,S004,P013,1,260
O01740,2026-06-15,S004,P013,3,260
O01741,2026-06-16,S004,P013,1,260
O01742,2026-06-18,S004,P013,3,260
O01743,2026-06-20,S004,P013,2,260
O01744,2026-06-21,S004,P013,1,260
O01745,2026-06-22,S004,P013,3,260
O01746,2026-06-23,S004,P013,3,260
O01747,2026-06-24,S004,P013,3,260
O01748,2026-06-25,S004,P013,1,260
O01749,2026-06-26,S004,P013,1,260
O01750,2026-06-28,S004,P013,2,260
O01751,2026-06-29,S004,P013,3,260
O01752,2026-06-30,S004,P013,3,260
O01753,2026-06-01,S004,P014,2,160
O01754,2026-06-02,S004,P014,2,160
O01755,2026-06-03,S004,P014,2,160
O01756,2026-06-04,S004,P014,2,160
O01757,2026-06-05,S004,P014,2,160
O01758,2026-06-06,S004,P014,1,160
O01759,2026-06-07,S004,P014,2,160
O01760,2026-06-08,S004,P014,2,160
O01761,2026-06-09,S004,P014,1,160
O01762,2026-06-10,S004,P014,1,160
O01763,2026-06-11,S004,P014,1,160
O01764,2026-06-12,S004,P014,3,160
O01765,2026-06-13,S004,P014,2,160
O01766,2026-06-14,S004,P014,3,160
O01767,2026-06-16,S004,P014,2,160
O01768,2026-06-17,S004,P014,1,160
O01769,2026-06-18,S004,P014,2,160
O01770,2026-06-20,S004,P014,2,160
O01771,2026-06-21,S004,P014,3,160
O01772,2026-06-22,S004,P014,3,160
O01773,2026-06-23,S004,P014,2,160
O01774,2026-06-24,S004,P014,3,160
O01775,2026-06-25,S004,P014,1,160
O01776,2026-06-26,S004,P014,2,160
O01777,2026-06-27,S004,P014,1,160
O01778,2026-06-28,S004,P014,2,160
O01779,2026-06-29,S004,P014,1,160
O01780,2026-06-30,S004,P014,2,160
O01781,2026-06-04,S004,P015,1,165
O01782,2026-06-05,S004,P015,1,165
O01783,2026-06-10,S004,P015,1,165
O01784,2026-06-12,S004,P015,1,165
O01785,2026-06-22,S004,P015,1,165
O01786,2026-06-24,S004,P015,1,165
O01787,2026-06-25,S004,P015,1,165
O01788,2026-06-29,S004,P015,1,165
O01789,2026-06-01,S004,P016,3,120
O01790,2026-06-03,S004,P016,3,120
O01791,2026-06-04,S004,P016,1,120
O01792,2026-06-05,S004,P016,2,120
O01793,2026-06-06,S004,P016,3,120
O01794,2026-06-07,S004,P016,1,120
O01795,2026-06-08,S004,P016,2,120
O01796,2026-06-09,S004,P016,3,120
O01797,2026-06-12,S004,P016,1,120
O01798,2026-06-13,S004,P016,1,120
O01799,2026-06-15,S004,P016,3,120
O01800,2026-06-17,S004,P016,2,120
O01801,2026-06-18,S004,P016,1,120
O01802,2026-06-19,S004,P016,3,120
O01803,2026-06-20,S004,P016,1,120
O01804,2026-06-21,S004,P016,3,120
O01805,2026-06-23,S004,P016,1,120
O01806,2026-06-24,S004,P016,2,120
O01807,2026-06-26,S004,P016,3,120
O01808,2026-06-27,S004,P016,2,120
O01809,2026-06-28,S004,P016,1,120
O01810,2026-06-29,S004,P016,2,120
O01811,2026-06-30,S004,P016,1,120
O01812,2026-06-01,S004,P017,3,95
O01813,2026-06-03,S004,P017,3,95
O01814,2026-06-04,S004,P017,3,95
O01815,2026-06-05,S004,P017,2,95
O01816,2026-06-06,S004,P017,3,95
O01817,2026-06-08,S004,P017,1,95
O01818,2026-06-10,S004,P017,1,95
O01819,2026-06-13,S004,P017,3,95
O01820,2026-06-14,S004,P017,3,95
O01821,2026-06-15,S004,P017,1,95
O01822,2026-06-16,S004,P017,1,95
O01823,2026-06-18,S004,P017,1,95
O01824,2026-06-19,S004,P017,1,95
O01825,2026-06-20,S004,P017,1,95
O01826,2026-06-21,S004,P017,2,95
O01827,2026-06-22,S004,P017,2,95
O01828,2026-06-23,S004,P017,3,95
O01829,2026-06-24,S004,P017,2,95
O01830,2026-06-25,S004,P017,3,95
O01831,2026-06-26,S004,P017,1,95
O01832,2026-06-27,S004,P017,3,95
O01833,2026-06-28,S004,P017,3,95
O01834,2026-06-29,S004,P017,2,95
O01835,2026-06-30,S004,P017,1,95
O01836,2026-06-01,S004,P018,2,99
O01837,2026-06-03,S004,P018,1,99
O01838,2026-06-04,S004,P018,1,99
O01839,2026-06-05,S004,P018,2,99
O01840,2026-06-06,S004,P018,3,99
O01841,2026-06-07,S004,P018,3,99
O01842,2026-06-08,S004,P018,1,99
O01843,2026-06-10,S004,P018,3,99
O01844,2026-06-12,S004,P018,2,99
O01845,2026-06-13,S004,P018,3,99
O01846,2026-06-14,S004,P018,1,99
O01847,2026-06-15,S004,P018,2,99
O01848,2026-06-17,S004,P018,2,99
O01849,2026-06-19,S004,P018,2,99
O01850,2026-06-20,S004,P018,2,99
O01851,2026-06-21,S004,P018,1,99
O01852,2026-06-22,S004,P018,1,99
O01853,2026-06-23,S004,P018,1,99
O01854,2026-06-24,S004,P018,3,99
O01855,2026-06-25,S004,P018,2,99
O01856,2026-06-26,S004,P018,2,99
O01857,2026-06-27,S004,P018,2,99
O01858,2026-06-28,S004,P018,1,99
O01859,2026-06-30,S004,P018,2,99
O01860,2026-06-01,S004,P019,1,105
O01861,2026-06-06,S004,P019,1,105
O01862,2026-06-09,S004,P019,1,105
O01863,2026-06-14,S004,P019,1,105
O01864,2026-06-18,S004,P019,1,105
O01865,2026-06-20,S004,P019,1,105
O01866,2026-06-27,S004,P019,1,105
O01867,2026-06-29,S004,P019,1,105
O01868,2026-06-30,S004,P019,1,105
O01869,2026-06-02,S004,P020,1,35
O01870,2026-06-03,S004,P020,1,35
O01871,2026-06-05,S004,P020,1,35
O01872,2026-06-06,S004,P020,3,35
O01873,2026-06-07,S004,P020,2,35
O01874,2026-06-08,S004,P020,2,35
O01875,2026-06-09,S004,P020,1,35
O01876,2026-06-10,S004,P020,1,35
O01877,2026-06-11,S004,P020,3,35
O01878,2026-06-12,S004,P020,3,35
O01879,2026-06-15,S004,P020,2,35
O01880,2026-06-16,S004,P020,2,35
O01881,2026-06-18,S004,P020,2,35
O01882,2026-06-19,S004,P020,2,35
O01883,2026-06-20,S004,P020,2,35
O01884,2026-06-23,S004,P020,3,35
O01885,2026-06-24,S004,P020,1,35
O01886,2026-06-26,S004,P020,1,35
O01887,2026-06-27,S004,P020,2,35
O01888,2026-06-29,S004,P020,3,35
O01889,2026-06-30,S004,P020,2,35
O01890,2026-06-01,S005,P001,6,68
O01891,2026-06-02,S005,P001,6,68
O01892,2026-06-03,S005,P001,6,68
O01893,2026-06-04,S005,P001,6,68
O01894,2026-06-05,S005,P001,1,68
O01895,2026-06-06,S005,P001,5,68
O01896,2026-06-07,S005,P001,5,68
O01897,2026-06-08,S005,P001,8,68
O01898,2026-06-09,S005,P001,5,68
O01899,2026-06-10,S005,P001,1,68
O01900,2026-06-11,S005,P001,5,68
O01901,2026-06-12,S005,P001,4,68
O01902,2026-06-13,S005,P001,4,68
O01903,2026-06-14,S005,P001,3,68
O01904,2026-06-15,S005,P001,5,68
O01905,2026-06-16,S005,P001,8,68
O01906,2026-06-17,S005,P001,5,68
O01907,2026-06-18,S005,P001,2,68
O01908,2026-06-19,S005,P001,8,68
O01909,2026-06-21,S005,P001,7,68
O01910,2026-06-22,S005,P001,8,68
O01911,2026-06-24,S005,P001,4,68
O01912,2026-06-25,S005,P001,6,68
O01913,2026-06-28,S005,P001,1,68
O01914,2026-06-29,S005,P001,8,68
O01915,2026-06-30,S005,P001,2,68
O01916,2026-06-01,S005,P002,2,45
O01917,2026-06-02,S005,P002,2,45
O01918,2026-06-03,S005,P002,5,45
O01919,2026-06-04,S005,P002,8,45
O01920,2026-06-05,S005,P002,2,45
O01921,2026-06-06,S005,P002,4,45
O01922,2026-06-07,S005,P002,1,45
O01923,2026-06-08,S005,P002,4,45
O01924,2026-06-09,S005,P002,7,45
O01925,2026-06-10,S005,P002,3,45
O01926,2026-06-11,S005,P002,3,45
O01927,2026-06-12,S005,P002,2,45
O01928,2026-06-13,S005,P002,7,45
O01929,2026-06-14,S005,P002,2,45
O01930,2026-06-15,S005,P002,1,45
O01931,2026-06-16,S005,P002,1,45
O01932,2026-06-17,S005,P002,4,45
O01933,2026-06-18,S005,P002,7,45
O01934,2026-06-19,S005,P002,4,45
O01935,2026-06-20,S005,P002,4,45
O01936,2026-06-21,S005,P002,2,45
O01937,2026-06-22,S005,P002,4,45
O01938,2026-06-23,S005,P002,4,45
O01939,2026-06-24,S005,P002,8,45
O01940,2026-06-25,S005,P002,3,45
O01941,2026-06-26,S005,P002,1,45
O01942,2026-06-27,S005,P002,6,45
O01943,2026-06-29,S005,P002,3,45
O01944,2026-06-30,S005,P002,3,45
O01945,2026-06-01,S005,P003,8,40
O01946,2026-06-02,S005,P003,3,40
O01947,2026-06-03,S005,P003,8,40
O01948,2026-06-05,S005,P003,6,40
O01949,2026-06-06,S005,P003,4,40
O01950,2026-06-07,S005,P003,5,40
O01951,2026-06-08,S005,P003,3,40
O01952,2026-06-09,S005,P003,4,40
O01953,2026-06-10,S005,P003,2,40
O01954,2026-06-11,S005,P003,6,40
O01955,2026-06-13,S005,P003,6,40
O01956,2026-06-14,S005,P003,7,40
O01957,2026-06-15,S005,P003,1,40
O01958,2026-06-16,S005,P003,2,40
O01959,2026-06-17,S005,P003,2,40
O01960,2026-06-18,S005,P003,4,40
O01961,2026-06-19,S005,P003,1,40
O01962,2026-06-20,S005,P003,5,40
O01963,2026-06-21,S005,P003,2,40
O01964,2026-06-22,S005,P003,6,40
O01965,2026-06-23,S005,P003,2,40
O01966,2026-06-24,S005,P003,4,40
O01967,2026-06-25,S005,P003,2,40
O01968,2026-06-26,S005,P003,5,40
O01969,2026-06-27,S005,P003,8,40
O01970,2026-06-28,S005,P003,6,40
O01971,2026-06-29,S005,P003,1,40
O01972,2026-06-01,S005,P004,4,55
O01973,2026-06-02,S005,P004,2,55
O01974,2026-06-03,S005,P004,6,55
O01975,2026-06-04,S005,P004,4,55
O01976,2026-06-05,S005,P004,1,55
O01977,2026-06-06,S005,P004,7,55
O01978,2026-06-07,S005,P004,4,55
O01979,2026-06-08,S005,P004,7,55
O01980,2026-06-09,S005,P004,8,55
O01981,2026-06-10,S005,P004,2,55
O01982,2026-06-11,S005,P004,1,55
O01983,2026-06-12,S005,P004,2,55
O01984,2026-06-13,S005,P004,5,55
O01985,2026-06-14,S005,P004,1,55
O01986,2026-06-15,S005,P004,1,55
O01987,2026-06-16,S005,P004,8,55
O01988,2026-06-17,S005,P004,1,55
O01989,2026-06-18,S005,P004,6,55
O01990,2026-06-19,S005,P004,7,55
O01991,2026-06-20,S005,P004,8,55
O01992,2026-06-21,S005,P004,3,55
O01993,2026-06-22,S005,P004,3,55
O01994,2026-06-24,S005,P004,2,55
O01995,2026-06-25,S005,P004,8,55
O01996,2026-06-26,S005,P004,8,55
O01997,2026-06-27,S005,P004,6,55
O01998,2026-06-28,S005,P004,6,55
O01999,2026-06-29,S005,P004,1,55
O02000,2026-06-30,S005,P004,5,55
O02001,2026-06-01,S005,P005,2,20
O02002,2026-06-02,S005,P005,1,20
O02003,2026-06-03,S005,P005,3,20
O02004,2026-06-04,S005,P005,5,20
O02005,2026-06-05,S005,P005,1,20
O02006,2026-06-06,S005,P005,8,20
O02007,2026-06-07,S005,P005,7,20
O02008,2026-06-08,S005,P005,8,20
O02009,2026-06-10,S005,P005,4,20
O02010,2026-06-11,S005,P005,5,20
O02011,2026-06-12,S005,P005,2,20
O02012,2026-06-13,S005,P005,2,20
O02013,2026-06-14,S005,P005,5,20
O02014,2026-06-15,S005,P005,8,20
O02015,2026-06-16,S005,P005,8,20
O02016,2026-06-17,S005,P005,5,20
O02017,2026-06-18,S005,P005,8,20
O02018,2026-06-19,S005,P005,4,20
O02019,2026-06-20,S005,P005,2,20
O02020,2026-06-21,S005,P005,3,20
O02021,2026-06-22,S005,P005,4,20
O02022,2026-06-23,S005,P005,1,20
O02023,2026-06-24,S005,P005,2,20
O02024,2026-06-25,S005,P005,1,20
O02025,2026-06-26,S005,P005,2,20
O02026,2026-06-27,S005,P005,6,20
O02027,2026-06-28,S005,P005,5,20
O02028,2026-06-29,S005,P005,7,20
O02029,2026-06-30,S005,P005,1,20
O02030,2026-06-01,S005,P006,2,20
O02031,2026-06-02,S005,P006,2,20
O02032,2026-06-03,S005,P006,2,20
O02033,2026-06-04,S005,P006,6,20
O02034,2026-06-05,S005,P006,3,20
O02035,2026-06-06,S005,P006,8,20
O02036,2026-06-08,S005,P006,8,20
O02037,2026-06-09,S005,P006,8,20
O02038,2026-06-10,S005,P006,2,20
O02039,2026-06-11,S005,P006,6,20
O02040,2026-06-12,S005,P006,4,20
O02041,2026-06-13,S005,P006,6,20
O02042,2026-06-14,S005,P006,7,20
O02043,2026-06-15,S005,P006,4,20
O02044,2026-06-16,S005,P006,5,20
O02045,2026-06-17,S005,P006,5,20
O02046,2026-06-18,S005,P006,1,20
O02047,2026-06-19,S005,P006,1,20
O02048,2026-06-20,S005,P006,6,20
O02049,2026-06-21,S005,P006,3,20
O02050,2026-06-22,S005,P006,7,20
O02051,2026-06-23,S005,P006,2,20
O02052,2026-06-25,S005,P006,2,20
O02053,2026-06-26,S005,P006,8,20
O02054,2026-06-27,S005,P006,3,20
O02055,2026-06-28,S005,P006,1,20
O02056,2026-06-29,S005,P006,1,20
O02057,2026-06-30,S005,P006,2,20
O02058,2026-06-01,S005,P007,1,15
O02059,2026-06-02,S005,P007,5,15
O02060,2026-06-03,S005,P007,1,15
O02061,2026-06-04,S005,P007,5,15
O02062,2026-06-05,S005,P007,6,15
O02063,2026-06-07,S005,P007,1,15
O02064,2026-06-08,S005,P007,7,15
O02065,2026-06-09,S005,P007,8,15
O02066,2026-06-10,S005,P007,1,15
O02067,2026-06-11,S005,P007,5,15
O02068,2026-06-12,S005,P007,7,15
O02069,2026-06-13,S005,P007,5,15
O02070,2026-06-14,S005,P007,7,15
O02071,2026-06-16,S005,P007,7,15
O02072,2026-06-17,S005,P007,6,15
O02073,2026-06-18,S005,P007,5,15
O02074,2026-06-19,S005,P007,6,15
O02075,2026-06-20,S005,P007,5,15
O02076,2026-06-21,S005,P007,7,15
O02077,2026-06-22,S005,P007,8,15
O02078,2026-06-23,S005,P007,5,15
O02079,2026-06-25,S005,P007,3,15
O02080,2026-06-26,S005,P007,4,15
O02081,2026-06-27,S005,P007,5,15
O02082,2026-06-28,S005,P007,2,15
O02083,2026-06-01,S005,P008,6,15
O02084,2026-06-02,S005,P008,8,15
O02085,2026-06-03,S005,P008,5,15
O02086,2026-06-04,S005,P008,6,15
O02087,2026-06-05,S005,P008,6,15
O02088,2026-06-06,S005,P008,8,15
O02089,2026-06-07,S005,P008,2,15
O02090,2026-06-08,S005,P008,1,15
O02091,2026-06-09,S005,P008,5,15
O02092,2026-06-10,S005,P008,6,15
O02093,2026-06-11,S005,P008,8,15
O02094,2026-06-12,S005,P008,3,15
O02095,2026-06-14,S005,P008,1,15
O02096,2026-06-15,S005,P008,8,15
O02097,2026-06-16,S005,P008,5,15
O02098,2026-06-17,S005,P008,3,15
O02099,2026-06-18,S005,P008,1,15
O02100,2026-06-19,S005,P008,7,15
O02101,2026-06-20,S005,P008,2,15
O02102,2026-06-21,S005,P008,4,15
O02103,2026-06-23,S005,P008,3,15
O02104,2026-06-24,S005,P008,7,15
O02105,2026-06-25,S005,P008,3,15
O02106,2026-06-26,S005,P008,2,15
O02107,2026-06-27,S005,P008,7,15
O02108,2026-06-28,S005,P008,7,15
O02109,2026-06-30,S005,P008,1,15
O02110,2026-06-01,S005,P009,3,40
O02111,2026-06-02,S005,P009,1,40
O02112,2026-06-03,S005,P009,2,40
O02113,2026-06-04,S005,P009,4,40
O02114,2026-06-05,S005,P009,2,40
O02115,2026-06-06,S005,P009,7,40
O02116,2026-06-07,S005,P009,8,40
O02117,2026-06-08,S005,P009,3,40
O02118,2026-06-11,S005,P009,1,40
O02119,2026-06-12,S005,P009,2,40
O02120,2026-06-13,S005,P009,6,40
O02121,2026-06-14,S005,P009,4,40
O02122,2026-06-15,S005,P009,8,40
O02123,2026-06-16,S005,P009,8,40
O02124,2026-06-17,S005,P009,7,40
O02125,2026-06-18,S005,P009,7,40
O02126,2026-06-19,S005,P009,2,40
O02127,2026-06-20,S005,P009,3,40
O02128,2026-06-21,S005,P009,6,40
O02129,2026-06-22,S005,P009,1,40
O02130,2026-06-23,S005,P009,5,40
O02131,2026-06-24,S005,P009,6,40
O02132,2026-06-25,S005,P009,2,40
O02133,2026-06-26,S005,P009,7,40
O02134,2026-06-27,S005,P009,1,40
O02135,2026-06-28,S005,P009,7,40
O02136,2026-06-29,S005,P009,5,40
O02137,2026-06-01,S005,P010,1,40
O02138,2026-06-02,S005,P010,6,40
O02139,2026-06-03,S005,P010,7,40
O02140,2026-06-04,S005,P010,5,40
O02141,2026-06-05,S005,P010,4,40
O02142,2026-06-06,S005,P010,4,40
O02143,2026-06-07,S005,P010,8,40
O02144,2026-06-09,S005,P010,4,40
O02145,2026-06-10,S005,P010,1,40
O02146,2026-06-11,S005,P010,7,40
O02147,2026-06-12,S005,P010,1,40
O02148,2026-06-13,S005,P010,3,40
O02149,2026-06-14,S005,P010,3,40
O02150,2026-06-15,S005,P010,7,40
O02151,2026-06-16,S005,P010,1,40
O02152,2026-06-18,S005,P010,5,40
O02153,2026-06-19,S005,P010,4,40
O02154,2026-06-20,S005,P010,3,40
O02155,2026-06-21,S005,P010,8,40
O02156,2026-06-22,S005,P010,2,40
O02157,2026-06-23,S005,P010,2,40
O02158,2026-06-24,S005,P010,1,40
O02159,2026-06-25,S005,P010,5,40
O02160,2026-06-26,S005,P010,3,40
O02161,2026-06-27,S005,P010,8,40
O02162,2026-06-28,S005,P010,7,40
O02163,2026-06-29,S005,P010,5,40
O02164,2026-06-01,S005,P011,4,125
O02165,2026-06-02,S005,P011,6,125
O02166,2026-06-03,S005,P011,2,125
O02167,2026-06-04,S005,P011,8,125
O02168,2026-06-05,S005,P011,1,125
O02169,2026-06-06,S005,P011,4,125
O02170,2026-06-08,S005,P011,3,125
O02171,2026-06-09,S005,P011,1,125
O02172,2026-06-11,S005,P011,3,125
O02173,2026-06-12,S005,P011,8,125
O02174,2026-06-13,S005,P011,3,125
O02175,2026-06-14,S005,P011,3,125
O02176,2026-06-15,S005,P011,3,125
O02177,2026-06-16,S005,P011,6,125
O02178,2026-06-17,S005,P011,4,125
O02179,2026-06-18,S005,P011,4,125
O02180,2026-06-19,S005,P011,1,125
O02181,2026-06-20,S005,P011,4,125
O02182,2026-06-21,S005,P011,6,125
O02183,2026-06-22,S005,P011,2,125
O02184,2026-06-23,S005,P011,8,125
O02185,2026-06-24,S005,P011,3,125
O02186,2026-06-26,S005,P011,1,125
O02187,2026-06-27,S005,P011,5,125
O02188,2026-06-28,S005,P011,4,125
O02189,2026-06-29,S005,P011,5,125
O02190,2026-06-30,S005,P011,5,125
O02191,2026-06-01,S005,P012,1,28
O02192,2026-06-02,S005,P012,1,28
O02193,2026-06-03,S005,P012,3,28
O02194,2026-06-05,S005,P012,3,28
O02195,2026-06-06,S005,P012,2,28
O02196,2026-06-07,S005,P012,3,28
O02197,2026-06-08,S005,P012,3,28
O02198,2026-06-09,S005,P012,3,28
O02199,2026-06-10,S005,P012,3,28
O02200,2026-06-11,S005,P012,3,28
O02201,2026-06-12,S005,P012,1,28
O02202,2026-06-13,S005,P012,1,28
O02203,2026-06-14,S005,P012,2,28
O02204,2026-06-15,S005,P012,3,28
O02205,2026-06-16,S005,P012,1,28
O02206,2026-06-17,S005,P012,1,28
O02207,2026-06-18,S005,P012,1,28
O02208,2026-06-19,S005,P012,3,28
O02209,2026-06-20,S005,P012,1,28
O02210,2026-06-21,S005,P012,1,28
O02211,2026-06-22,S005,P012,2,28
O02212,2026-06-23,S005,P012,3,28
O02213,2026-06-24,S005,P012,3,28
O02214,2026-06-25,S005,P012,3,28
O02215,2026-06-26,S005,P012,1,28
O02216,2026-06-28,S005,P012,1,28
O02217,2026-06-29,S005,P012,3,28
O02218,2026-06-02,S005,P013,1,260
O02219,2026-06-04,S005,P013,2,260
O02220,2026-06-05,S005,P013,3,260
O02221,2026-06-06,S005,P013,1,260
O02222,2026-06-09,S005,P013,1,260
O02223,2026-06-10,S005,P013,2,260
O02224,2026-06-12,S005,P013,3,260
O02225,2026-06-13,S005,P013,3,260
O02226,2026-06-14,S005,P013,2,260
O02227,2026-06-15,S005,P013,2,260
O02228,2026-06-16,S005,P013,1,260
O02229,2026-06-17,S005,P013,3,260
O02230,2026-06-18,S005,P013,3,260
O02231,2026-06-19,S005,P013,3,260
O02232,2026-06-21,S005,P013,1,260
O02233,2026-06-22,S005,P013,2,260
O02234,2026-06-23,S005,P013,3,260
O02235,2026-06-27,S005,P013,3,260
O02236,2026-06-28,S005,P013,2,260
O02237,2026-06-29,S005,P013,1,260
O02238,2026-06-30,S005,P013,2,260
O02239,2026-06-01,S005,P014,1,160
O02240,2026-06-02,S005,P014,3,160
O02241,2026-06-03,S005,P014,2,160
O02242,2026-06-04,S005,P014,3,160
O02243,2026-06-05,S005,P014,1,160
O02244,2026-06-07,S005,P014,2,160
O02245,2026-06-08,S005,P014,1,160
O02246,2026-06-09,S005,P014,3,160
O02247,2026-06-11,S005,P014,1,160
O02248,2026-06-12,S005,P014,3,160
O02249,2026-06-13,S005,P014,3,160
O02250,2026-06-14,S005,P014,2,160
O02251,2026-06-15,S005,P014,3,160
O02252,2026-06-16,S005,P014,1,160
O02253,2026-06-17,S005,P014,3,160
O02254,2026-06-18,S005,P014,1,160
O02255,2026-06-19,S005,P014,3,160
O02256,2026-06-20,S005,P014,2,160
O02257,2026-06-22,S005,P014,2,160
O02258,2026-06-23,S005,P014,3,160
O02259,2026-06-24,S005,P014,2,160
O02260,2026-06-25,S005,P014,3,160
O02261,2026-06-26,S005,P014,2,160
O02262,2026-06-29,S005,P014,3,160
O02263,2026-06-30,S005,P014,3,160
O02264,2026-06-02,S005,P015,1,165
O02265,2026-06-09,S005,P015,1,165
O02266,2026-06-12,S005,P015,1,165
O02267,2026-06-15,S005,P015,1,165
O02268,2026-06-19,S005,P015,1,165
O02269,2026-06-20,S005,P015,1,165
O02270,2026-06-24,S005,P015,1,165
O02271,2026-06-30,S005,P015,1,165
O02272,2026-06-01,S005,P016,3,120
O02273,2026-06-02,S005,P016,2,120
O02274,2026-06-03,S005,P016,1,120
O02275,2026-06-04,S005,P016,3,120
O02276,2026-06-06,S005,P016,1,120
O02277,2026-06-07,S005,P016,3,120
O02278,2026-06-08,S005,P016,2,120
O02279,2026-06-09,S005,P016,3,120
O02280,2026-06-10,S005,P016,2,120
O02281,2026-06-12,S005,P016,3,120
O02282,2026-06-13,S005,P016,2,120
O02283,2026-06-15,S005,P016,1,120
O02284,2026-06-16,S005,P016,3,120
O02285,2026-06-17,S005,P016,3,120
O02286,2026-06-20,S005,P016,1,120
O02287,2026-06-21,S005,P016,2,120
O02288,2026-06-22,S005,P016,3,120
O02289,2026-06-23,S005,P016,1,120
O02290,2026-06-24,S005,P016,1,120
O02291,2026-06-25,S005,P016,2,120
O02292,2026-06-26,S005,P016,1,120
O02293,2026-06-27,S005,P016,3,120
O02294,2026-06-28,S005,P016,2,120
O02295,2026-06-29,S005,P016,3,120
O02296,2026-06-30,S005,P016,1,120
O02297,2026-06-01,S005,P017,2,95
O02298,2026-06-02,S005,P017,3,95
O02299,2026-06-03,S005,P017,2,95
O02300,2026-06-04,S005,P017,2,95
O02301,2026-06-06,S005,P017,1,95
O02302,2026-06-07,S005,P017,2,95
O02303,2026-06-09,S005,P017,3,95
O02304,2026-06-10,S005,P017,3,95
O02305,2026-06-11,S005,P017,3,95
O02306,2026-06-13,S005,P017,3,95
O02307,2026-06-14,S005,P017,3,95
O02308,2026-06-15,S005,P017,2,95
O02309,2026-06-17,S005,P017,3,95
O02310,2026-06-18,S005,P017,2,95
O02311,2026-06-19,S005,P017,2,95
O02312,2026-06-20,S005,P017,2,95
O02313,2026-06-23,S005,P017,1,95
O02314,2026-06-24,S005,P017,1,95
O02315,2026-06-25,S005,P017,2,95
O02316,2026-06-26,S005,P017,1,95
O02317,2026-06-27,S005,P017,3,95
O02318,2026-06-28,S005,P017,3,95
O02319,2026-06-29,S005,P017,2,95
O02320,2026-06-30,S005,P017,2,95
O02321,2026-06-02,S005,P018,1,99
O02322,2026-06-03,S005,P018,1,99
O02323,2026-06-04,S005,P018,2,99
O02324,2026-06-05,S005,P018,1,99
O02325,2026-06-06,S005,P018,1,99
O02326,2026-06-07,S005,P018,3,99
O02327,2026-06-08,S005,P018,3,99
O02328,2026-06-09,S005,P018,1,99
O02329,2026-06-11,S005,P018,3,99
O02330,2026-06-13,S005,P018,2,99
O02331,2026-06-20,S005,P018,1,99
O02332,2026-06-21,S005,P018,3,99
O02333,2026-06-22,S005,P018,3,99
O02334,2026-06-24,S005,P018,1,99
O02335,2026-06-26,S005,P018,3,99
O02336,2026-06-27,S005,P018,3,99
O02337,2026-06-28,S005,P018,3,99
O02338,2026-06-04,S005,P019,1,105
O02339,2026-06-15,S005,P019,1,105
O02340,2026-06-20,S005,P019,1,105
O02341,2026-06-21,S005,P019,1,105
O02342,2026-06-22,S005,P019,1,105
O02343,2026-06-01,S005,P020,1,35
O02344,2026-06-03,S005,P020,2,35
O02345,2026-06-05,S005,P020,2,35
O02346,2026-06-06,S005,P020,3,35
O02347,2026-06-07,S005,P020,1,35
O02348,2026-06-08,S005,P020,2,35
O02349,2026-06-09,S005,P020,2,35
O02350,2026-06-10,S005,P020,3,35
O02351,2026-06-11,S005,P020,2,35
O02352,2026-06-15,S005,P020,1,35
O02353,2026-06-16,S005,P020,1,35
O02354,2026-06-18,S005,P020,3,35
O02355,2026-06-19,S005,P020,1,35
O02356,2026-06-20,S005,P020,2,35
O02357,2026-06-21,S005,P020,1,35
O02358,2026-06-22,S005,P020,1,35
O02359,2026-06-23,S005,P020,3,35
O02360,2026-06-24,S005,P020,1,35
O02361,2026-06-25,S005,P020,3,35
O02362,2026-06-26,S005,P020,3,35
O02363,2026-06-27,S005,P020,1,35
O02364,2026-06-28,S005,P020,3,35
O02365,2026-06-29,S005,P020,2,35
O02366,2026-06-30,S005,P020,2,35
